District,Building name,Last date of visit of the case(s),Related cases
Central & Western,Tak Tung House,03/05/2022,
Central & Western,"Block 3, The Merton",03/05/2022,
Central & Western,"Block 2, Garden Terrace",03/05/2022,
Central & Western,"Block 1, Kwun Lung Lau",03/05/2022,
Eastern,North Point Terrace,03/05/2022,
Eastern,"Block 1, Pacific Palisades",03/05/2022,
Eastern,Wing Wah Mansion,03/05/2022,
Eastern,Yick Fat Building,03/05/2022,
Eastern,16-22 Kai Yuen Street,03/05/2022,
Eastern,"Block 2, Braemar Hill Mansions",03/05/2022,
Islands,Tung Koon San Tsuen,03/05/2022,
Islands,"Kit Yat House, Yat Tung Estate",03/05/2022,
Islands,"Cheung Shing House, Cheung Kwai Estate",03/05/2022,
Kowloon City,"Student Residence, City University of Hong Kong",03/05/2022,
Kowloon City,"Sun Man House, Oi Man Estate",03/05/2022,
Kowloon City,"Tower 12, Laguna Verde",03/05/2022,
Kowloon City,"Tower 1, 3 Ede Road",03/05/2022,
Kowloon City,"Tower 1, Grand Waterfront",03/05/2022,
Kwai Tsing,"Fu Kwok House, Tai Wo Hau Estate",03/05/2022,
Kwai Tsing,Hang King Garden,03/05/2022,
Kwai Tsing,"Block C, New Kwai Fong Gardens",03/05/2022,
Kwai Tsing,"Shek Hei House, Shek Lei Estate",03/05/2022,
Kwai Tsing,"Yung Shek House, Shek Yam Estate",03/05/2022,
Kwai Tsing,"Lai Lam House, Lai Yan Court",03/05/2022,
Kwun Tong,Kai Tak House,03/05/2022,
Kwun Tong,"Ping Mei House, Ping Tin Estate",03/05/2022,
Kwun Tong,"Ying Shun House, Choi Ying Estate",03/05/2022,
Kwun Tong,"Tak Yiu House, Tak Long Estate",03/05/2022,
Kwun Tong,"Nga Lai House, Yau Lai Estate",03/05/2022,
Kwun Tong,"Sheung Mun House, Upper Ngau Tau Kok Estate",03/05/2022,
Kwun Tong,"Yan Tin House, Hing Tin Estate",03/05/2022,
North,"Berlin Court, Sheung Shui Town Centre",03/05/2022,
North,Sheung Shui Hang Tau Village,03/05/2022,
North,"Tin Hor House, Tin Ping Estate",03/05/2022,
North,"Choi Lai House, Choi Yuen Estate",03/05/2022,
North,"Yin King House, King Shing Court",03/05/2022,
North,"Tower 5, Noble Hill",03/05/2022,
North,"Cheung Wo House, Cheung Wah Estate",03/05/2022,
North,"Cheung Chi House, Cheung Wah Estate",03/05/2022,
North,Luen Wong Building,03/05/2022,
North,Fu Tei Pai,03/05/2022,
Sai Kung,"Kin Wa House, Kin Ming Estate",03/05/2022,
Sai Kung,"Tak On House, Hau Tak Estate",03/05/2022,
Sai Kung,Wai Sum Village,03/05/2022,
Sai Kung,"Block 6, On Ning Garden",03/05/2022,
Sai Kung,"Tower 7, The Beaumount",03/05/2022,
Sai Kung,"Tower 2B, Montara, Lohas Park",03/05/2022,
Sai Kung,"Yuk King House, King Ming Court",03/05/2022,
Sai Kung,"Wai Ming House, Yuk Ming Court",03/05/2022,
Sai Kung,"Ming Leung House, Ying Ming Court",03/05/2022,
Sai Kung,Tan Cheung Village,03/05/2022,
Sham Shui Po,Sheung Fook Building,03/05/2022,
Sham Shui Po,Yu Chau House,03/05/2022,
Sham Shui Po,Chi On Court,03/05/2022,
Sham Shui Po,"Mei Foo Sun Chuen Stage 2, 2 Glee Path",03/05/2022,
Sham Shui Po,"Mei Foo Sun Chuen Stage 2, 34-36 Broadway",03/05/2022,
Sham Shui Po,"Lai Wing House, Lai On Estate",03/05/2022,
Sha Tin,"Pok Tat House, Pok Hong Estate",03/05/2022,
Sha Tin,Tai Wai Village,03/05/2022,
Sha Tin,"Shan Chuen House, Shui Chuen O Estate",03/05/2022,
Sha Tin,"Long Chuen House, Shui Chuen O Estate",03/05/2022,
Sha Tin,"Mei Tao House, Mei Lam Estate",03/05/2022,
Sha Tin,"Block D, Garden Vista",03/05/2022,
Sha Tin,"Hok Sam House, Lung Hang Estate",03/05/2022,
Sha Tin,Hin Tin,03/05/2022,
Southern,"Pik Shan House, Shek Pai Wan Estate",03/05/2022,
Tai Po,Kau Lung Hang Lo Wai,03/05/2022,
Tai Po,Nam Hang,03/05/2022,
Tai Po,Po Hong Building,03/05/2022,
Tai Po,"Tower 8, The GracesÂ·Providence Bay",03/05/2022,
Tai Po,"Wan Hang House, Wan Tau Tong Estate",03/05/2022,
Tsuen Wan,Chau's Building,03/05/2022,
Tsuen Wan,Ho Pui Tsuen,03/05/2022,
Tsuen Wan,"Block M, Luk Yeung Sun Chuen",03/05/2022,
Tsuen Wan,"Sau Shan House, Cheung Shan Estate",03/05/2022,
Tsuen Wan,Ma Wan Main Street Village Central,03/05/2022,
Tsuen Wan,"Block 3, Phase 2, Belvedere Garden",03/05/2022,
Tuen Mun,"Siu Lok House, Siu Hong Court",03/05/2022,
Tuen Mun,"King Lok House, Shan King Estate",03/05/2022,
Tuen Mun,"Wu Fai House, Wu King Estate",03/05/2022,
Tuen Mun,"Wu Tsui House, Wu King Estate",03/05/2022,
Tuen Mun,Tsz Tin Tsuen,03/05/2022,
Tuen Mun,"Tower 15, Phase 2, Hong Kong Gold Coast",03/05/2022,
Tuen Mun,"Hong Lung House, Lung Yat Estate",03/05/2022,
Wan Chai,"Tower 2, Phase 2, The Avenue",03/05/2022,
Wan Chai,Cheerful Court,03/05/2022,
Wong Tai Sin,On Keung Building,03/05/2022,
Wong Tai Sin,"Fu Yan House, Fu Shan Estate",03/05/2022,
Wong Tai Sin,"Wang Chung House, Wang Tau Hom Estate",03/05/2022,
Wong Tai Sin,"Yung Yuen House, Chuk Yuen North Estate",03/05/2022,
Wong Tai Sin,"Lung Cheong House, Lower Wong Tai Sin Estate",03/05/2022,
Wong Tai Sin,"Lung Tat House, Lower Wong Tai Sin Estate",03/05/2022,
Wong Tai Sin,"Lung San House, Lung Poon Court",03/05/2022,
Yau Tsim Mong,Harilela Mansion,03/05/2022,
Yau Tsim Mong,Man King Building,03/05/2022,
Yau Tsim Mong,Sun Tai Mansion,03/05/2022,
Yuen Long,99 Commons,03/05/2022,
Yuen Long,"Tower 28, Park Yoho Napoli",03/05/2022,
Yuen Long,"Block 5, Grandeur Terrace",03/05/2022,
Yuen Long,"Block 5, Kenswood Court, Kingswood Villas",03/05/2022,
Yuen Long,"Tsz Fai House, Tin Tsz Estate",03/05/2022,
Yuen Long,"Chak Sun House, Tin Chak Estate",03/05/2022,
Yuen Long,"Block 1, Full Silver Garden",03/05/2022,
Yuen Long,San Lee Uk Tsuen,03/05/2022,
Yuen Long,Sai Pin Wai,03/05/2022,
Central & Western,Prosperous Height,04/05/2022,
Central & Western,Tresend Garden,04/05/2022,
Central & Western,"Tower B, Hollywood Terrace",04/05/2022,
Central & Western,"Tower C, Queen's Garden",04/05/2022,
Central & Western,The Bonham Mansion,04/05/2022,
Eastern,"Ming Kung Mansion, Taikoo Shing",04/05/2022,
Eastern,"Block A, Kornhill",04/05/2022,
Eastern,"Ngan Chun House, Tung Chun Court",04/05/2022,
Eastern,"Yiu Lok House, Yiu Tung Estate",04/05/2022,
Islands,"Block 1, Coastal Skyline",04/05/2022,
Islands,"Hei Tung House, Yu Tung Court",04/05/2022,
Islands,"Chi Yat House, Yat Tung Estate",04/05/2022,
Kowloon City,Kiu Wai Mansion,04/05/2022,
Kowloon City,"On Shun Building, On Wo Yuen",04/05/2022,
Kowloon City,"Lok Chee Lau, Lok Man Sun Chuen",04/05/2022,
Kowloon City,"Tower 2, Harbourfront Landmark",04/05/2022,
Kowloon City,4A Lion Rock Road,04/05/2022,
Kowloon City,"Yin On Court, United Building",04/05/2022,
Kwai Tsing,"Fu Wing House, Tai Wo Hau Estate",04/05/2022,
Kwai Tsing,"Fu Ching House, Tai Wo Hau Estate",04/05/2022,
Kwai Tsing,"Hiu Kwai House, Kwai Chung Estate",04/05/2022,
Kwai Tsing,"On Kong House, Cheung On Estate",04/05/2022,
Kwun Tong,"Kai Shing House, Kai Yip Estate",04/05/2022,
Kwun Tong,"Tsuen Shek House, Ping Shek Estate",04/05/2022,
Kwun Tong,"Yin Tat House, On Tat Estate",04/05/2022,
Kwun Tong,"Block E, Telford Gardens",04/05/2022,
Kwun Tong,"Tower 2, One East Coast",04/05/2022,
Kwun Tong,"Lei Ye House, Lei Yue Mun Estate",04/05/2022,
Kwun Tong,"Block 12, Richland Gardens",04/05/2022,
Kwun Tong,"Block 8, Laguna City",04/05/2022,
North,"Lane 4, Tai Yuen Tsuen",04/05/2022,
North,"Bik Yuk House, Po Shek Wu Estate",04/05/2022,
North,"Ching Yu House, Ching Ho Estate",04/05/2022,
North,"Block 5, Belair Monte",04/05/2022,
North,"Wah Min House, Wah Sum Estate",04/05/2022,
North,Kwan Tei North Village,04/05/2022,
Sai Kung,"Ming Yat House, Kin Ming Estate",04/05/2022,
Sai Kung,"Tower 1B, Phase 3B, The Wings",04/05/2022,
Sai Kung,"Block 4, On Ning Garden",04/05/2022,
Sai Kung,"Choi Yiu House, Choi Ming Court",04/05/2022,
Sai Kung,"Block 6, East Point City",04/05/2022,
Sai Kung,Kap Pin Long,04/05/2022,
Sai Kung,"Block A, Sai Kung Town Centre",04/05/2022,
Sham Shui Po,"Fu Wen House, Fu Cheong Estate",04/05/2022,
Sham Shui Po,"Tower 5, Cronin Garden",04/05/2022,
Sham Shui Po,Lok Moon Mansion,04/05/2022,
Sham Shui Po,174-176 Fuk Wing Street,04/05/2022,
Sham Shui Po,The Sorentino,04/05/2022,
Sham Shui Po,Shun King Court,04/05/2022,
Sha Tin,"Ka Oi House, Ka Keng Court",04/05/2022,
Sha Tin,"Yu Kan House, Yu Chui Court",04/05/2022,
Sha Tin,"Sun Kit House, Sun Chui Estate",04/05/2022,
Sha Tin,Yuk Wo Court,04/05/2022,
Sha Tin,"Block 10, City One Shatin",04/05/2022,
Sha Tin,"Osprey House, Sha Kok Estate",04/05/2022,
Sha Tin,"Fook Siu Court, Holford Gardens",04/05/2022,
Sha Tin,"Tower 7, Vista Paradiso",04/05/2022,
Sha Tin,"Tower 8, Vista Paradiso",04/05/2022,
Sha Tin,"Golden Beauty Court, Golden Lion Garden",04/05/2022,
Southern,"Berkeley Court, South Horizons The Oasis",04/05/2022,
Southern,"Tower 6, Residence Bel-Air",04/05/2022,
Tai Po,Ha Hang,04/05/2022,
Tai Po,"Tower 2, Solaria",04/05/2022,
Tai Po,"Po Shun House, Po Heung Estate",04/05/2022,
Tai Po,Cheung Shue Tan Village,04/05/2022,
Tsuen Wan,"Block 1, Discovery Park",04/05/2022,
Tsuen Wan,Sham Tseng Commercial New Village,04/05/2022,
Tsuen Wan,"Block K, Luk Yeung Sun Chuen",04/05/2022,
Tsuen Wan,"Block 6, Tsuen King Garden",04/05/2022,
Tsuen Wan,"Block 2, Phase 3, Belvedere Garden",04/05/2022,
Tuen Mun,"Block 8, Glorious Garden",04/05/2022,
Tuen Mun,Tuen Mun Centre,04/05/2022,
Tuen Mun,"Tower 1, Emerald Bay",04/05/2022,
Tuen Mun,"Yat Tin House, Yan Tin Estate",04/05/2022,
Tuen Mun,"Wu Boon House, Wu King Estate",04/05/2022,
Tuen Mun,Terrace Concerto,04/05/2022,
Tuen Mun,Leung Tin Village,04/05/2022,
Wan Chai,King Tao Building,04/05/2022,
Wan Chai,Nam Hoy Building,04/05/2022,
Wan Chai,"Tower 3, Phase 2, The Avenue",04/05/2022,
Wan Chai,Village Court,04/05/2022,
Wan Chai,Lok Moon Mansion,04/05/2022,
Wan Chai,Fat Cheong Building,04/05/2022,
Wan Chai,"Block C, Winfield Building",04/05/2022,
Wong Tai Sin,"Pak Hung House, Choi Wan Estate",04/05/2022,
Wong Tai Sin,"Oi Wai House, Tsz Oi Court",04/05/2022,
Wong Tai Sin,"Wui Chi House, Tung Wui Estate",04/05/2022,
Wong Tai Sin,"Wong Tung House, Tung Tau Estate",04/05/2022,
Wong Tai Sin,Wing Shing Industrial Building,04/05/2022,
Wong Tai Sin,"Block 3, Tropicana Gardens",04/05/2022,
Wong Tai Sin,"Pik Fung House, Fung Tak Estate",04/05/2022,
Wong Tai Sin,"Tsz Fung House, Fung Tak Estate",04/05/2022,
Yau Tsim Mong,"Tai Yick Building, Cosmopolitan Estates",04/05/2022,
Yau Tsim Mong,"Block 11, Charming Garden",04/05/2022,
Yau Tsim Mong,Tak Hay Building,04/05/2022,
Yau Tsim Mong,Yuen Fat Building,04/05/2022,
Yuen Long,"Block 7, Maywood Court, Kingswood Villas",04/05/2022,
Yuen Long,Hang Tau Tsuen,04/05/2022,
Yuen Long,Pok Wai,04/05/2022,
Yuen Long,"Shing Choi House, Tin Shing Court",04/05/2022,
Yuen Long,"Shing Yuet House, Tin Shing Court",04/05/2022,
Yuen Long,"Ping Tai House, Ping Yan Court",04/05/2022,
Yuen Long,Tung Fai Court,04/05/2022,
Yuen Long,Mai Po Tsuen,04/05/2022,
Yuen Long,"Tower 6, The Parcville",04/05/2022,
Yuen Long,Lai Uk Tsuen,04/05/2022,
Yuen Long,49-53 Lung Tin Tsuen,04/05/2022,
Central & Western,Sun Court,05/05/2022,
Central & Western,"Block 2, Winner Court",05/05/2022,
Central & Western,Kam Ning Mansion,05/05/2022,
Central & Western,Manhattan Heights,05/05/2022,
Eastern,Ka Wing Building,05/05/2022,
Eastern,"Block 7, Harmony Garden",05/05/2022,
Eastern,"Tower 5, Greenwood Terrace",05/05/2022,
Eastern,"Tung Hiu House, Tung Yuk Court",05/05/2022,
Eastern,"Lai Yee Court, Shaukeiwan Plaza",05/05/2022,
Eastern,"Tsui Hong House, Tsui Wan Estate",05/05/2022,
Islands,"Tai Yat House, Yat Tung Estate",05/05/2022,
Islands,"Yung Yat House, Yat Tung Estate",05/05/2022,
Islands,"Chun Chak House, Nga Ning Court",05/05/2022,
Kowloon City,"Man Hoi House, Chun Man Court",05/05/2022,
Kowloon City,"Kwun Wing House, Kwun Tak Court",05/05/2022,
Kowloon City,The Colonnades,05/05/2022,
Kowloon City,"Lai Man House, Oi Man Estate",05/05/2022,
Kowloon City,"Block 7, Jubilant Place",05/05/2022,
Kwai Tsing,"Block B, New Kwai Fong Gardens",05/05/2022,
Kwai Tsing,"Tower 1, Nob Hill",05/05/2022,
Kwai Tsing,"Shek Tai House, Shek Lei Estate",05/05/2022,
Kwai Tsing,"Shek Yat House, Shek Lei Estate",05/05/2022,
Kwai Tsing,"Yat King House, Lai King Estate",05/05/2022,
Kwai Tsing,Kwai King Building,05/05/2022,
Kwai Tsing,Kwai Fat Building,05/05/2022,
Kwai Tsing,"Tower 1, Rambler Crest",05/05/2022,
Kwai Tsing,"Wang Man House, Cheung Wang Estate",05/05/2022,
Kwai Tsing,Ching Nga Court,05/05/2022,
Kwun Tong,"Kai Lok House, Kai Yip Estate",05/05/2022,
Kwun Tong,"Kai Yin House, Kai Yip Estate",05/05/2022,
Kwun Tong,"Kai Wong House, Kai Tin Estate",05/05/2022,
Kwun Tong,"Kui Tai House, On Tai Estate",05/05/2022,
Kwun Tong,"Tak Tai House, On Tai Estate",05/05/2022,
Kwun Tong,"Wing Pak House, Hong Pak Court",05/05/2022,
Kwun Tong,"Tak Yee House, Tak Tin Estate",05/05/2022,
Kwun Tong,"Choi Tin House, Hing Tin Estate",05/05/2022,
Kwun Tong,"Block 8, Richland Gardens",05/05/2022,
Kwun Tong,"Block 12, Laguna City",05/05/2022,
North,"Yan Hei House, Yan Shing Court",05/05/2022,
North,"Yan Sau House, Yan Shing Court",05/05/2022,
North,Wing Ning Wai,05/05/2022,
North,"Wong Wui House, Queens Hill Estate",05/05/2022,
North,Ling Shan Tsuen,05/05/2022,
Sai Kung,"Shin Chi House, Shin Ming Estate",05/05/2022,
Sai Kung,Kwun Mun Fishermen New Village,05/05/2022,
Sai Kung,"Block 4, Beverly Garden",05/05/2022,
Sai Kung,"Block 2, Phase 1, Metro City",05/05/2022,
Sai Kung,"Tower 10, La Splendeur, Lohas Park",05/05/2022,
Sai Kung,O Tau,05/05/2022,
Sai Kung,"Koon Ming House, Chung Ming Court",05/05/2022,
Sham Shui Po,"Tower 16, Parc Oasis",05/05/2022,
Sham Shui Po,"Tung Lung House, Tai Hang Tung Estate",05/05/2022,
Sham Shui Po,Yee Wah Court,05/05/2022,
Sham Shui Po,"Block 6, Liberte",05/05/2022,
Sham Shui Po,"Hoi Shun House, Hoi Lai Estate",05/05/2022,
Sham Shui Po,"Mei Pak House, Shek Kip Mei Estate",05/05/2022,
Sham Shui Po,158-160 Cheung Sha Wan Road,05/05/2022,
Sha Tin,"Tower 5, Phase 3, Festival City",05/05/2022,
Sha Tin,Tai Wai New Village,05/05/2022,
Sha Tin,"Block 3, Grandway Garden",05/05/2022,
Sha Tin,"Block 8, Saddle Ridge Garden",05/05/2022,
Sha Tin,"Kapok House, Kwong Yuen Estate",05/05/2022,
Sha Tin,"Yue Chak House, Yue Tin Court",05/05/2022,
Sha Tin,"Ying Chuen House, Shui Chuen O Estate",05/05/2022,
Sha Tin,"Ho Chuen House, Shui Chuen O Estate",05/05/2022,
Sha Tin,"Tower 3, Festival City III",05/05/2022,
Sha Tin,"Hing Wan House, Sui Wo Court",05/05/2022,
Sha Tin,Mei Ying Court,05/05/2022,
Sha Tin,"Tower 1, Parc Royale",05/05/2022,
Sha Tin,Lok Lo Ha Village,05/05/2022,
Sha Tin,"Kam Wai House, Kam Fung Court",05/05/2022,
Sha Tin,"Block 3, Ma On Shan Centre",05/05/2022,
Southern,"Tung Yat House, Lei Tung Estate",05/05/2022,
Southern,"Tin Lai House, Tin Wan Estate",05/05/2022,
Southern,"Wah Sin House, Wah Kwai Estate",05/05/2022,
Southern,"Tower 6, South Towers, Residence Bel-Air",05/05/2022,
Southern,"Tower 7, Bel-Air On The Peak",05/05/2022,
Southern,"Block 1, Broadview Court",05/05/2022,
Tai Po,"King Yuet House, King Nga Court",05/05/2022,
Tsuen Wan,"Block 5, Lei Muk Shue Estate",05/05/2022,
Tsuen Wan,"Block S, Luk Yeung Sun Chuen",05/05/2022,
Tuen Mun,"Pak King House, Siu Shan Court",05/05/2022,
Tuen Mun,"Wah Lun House, Siu Lun Court",05/05/2022,
Tuen Mun,"Block 4, Kingston Terrace",05/05/2022,
Tuen Mun,Tao Yuen,05/05/2022,
Wan Chai,Tai Kwun Mansion,05/05/2022,
Wan Chai,"Block A, Lok Sing Centre",05/05/2022,
Wan Chai,Thompson Building,05/05/2022,
Wong Tai Sin,Peter's House,05/05/2022,
Wong Tai Sin,"Chi Mei House, Choi Hung Estate",05/05/2022,
Wong Tai Sin,"Man Kin House, Tsz Man Estate",05/05/2022,
Wong Tai Sin,"Tower 2, Fire Services Department Wing Ting Road Fire Services Married Quarters",05/05/2022,
Wong Tai Sin,The Forest Hills,05/05/2022,
Wong Tai Sin,Fat Keung House,05/05/2022,
Wong Tai Sin,"Toi Fung House, Fung Tak Estate",05/05/2022,
Yau Tsim Mong,"Tai Moon Building, Cosmopolitan Estates",05/05/2022,
Yau Tsim Mong,Tai Kok Tsui Building,05/05/2022,
Yau Tsim Mong,6 Cedar Street,05/05/2022,
Yau Tsim Mong,"Tower 1, The Victoria Towers",05/05/2022,
Yau Tsim Mong,Portland Building,05/05/2022,
Yuen Long,"Tower 32B, Park Yoho Milano",05/05/2022,
Yuen Long,Tai Kong Po Tsuen,05/05/2022,
Yuen Long,"Heng Lok House, Tin Heng Estate",05/05/2022,
Yuen Long,"Heng Fai House, Tin Heng Estate",05/05/2022,
Yuen Long,"Heng Wan House, Tin Heng Estate",05/05/2022,
Yuen Long,"Yuet Tai House, Tin Yuet Estate",05/05/2022,
Yuen Long,"Yiu Yat House, Tin Yiu Estate",05/05/2022,
Yuen Long,"Tower 13, The Reach",05/05/2022,
Yuen Long,San Wai,05/05/2022,
Yuen Long,"Block 1, Helene Terrace",05/05/2022,
Yuen Long,"Tower 8, Central Park Towers",05/05/2022,
Yuen Long,Lin Fa Tei,05/05/2022,
Yuen Long,178 Castle Peak Road Yuen Long,05/05/2022,
Central & Western,Cadogan,06/05/2022,
Central & Western,Nan Sang Building,06/05/2022,
Central & Western,Good View Court,06/05/2022,
Central & Western,"Tower 1, Harbour View Garden",06/05/2022,
Central & Western,Wilton Place,06/05/2022,
Eastern,"Block 6, Nan Fung Sun Chuen",06/05/2022,
Eastern,"Block 7, Fullview Garden",06/05/2022,
Eastern,"Block 3, Harmony Garden",06/05/2022,
Eastern,"Sui Tai House, Siu Sai Wan Estate",06/05/2022,
Eastern,"Yat Yee House, Yee Tsui Court",06/05/2022,
Eastern,"Yee Tsui House, Wan Tsui Estate",06/05/2022,
Islands,House on Tai San Back Street,06/05/2022,
Islands,"Tower 6, The Visionary",06/05/2022,
Islands,"Moon Tai House, Moon Tung Estate",06/05/2022,
Islands,"Po Yat House, Yat Tung Estate",06/05/2022,
Kowloon City,"Yee Man House, Ho Man Tin Estate",06/05/2022,
Kowloon City,Elizabethan Court,06/05/2022,
Kowloon City,Sung Kim Building,06/05/2022,
Kowloon City,Popular Court,06/05/2022,
Kowloon City,10 Stafford Road,06/05/2022,
Kowloon City,York Mansion,06/05/2022,
Kowloon City,Hong Kong Baptist University Student Residence Halls,06/05/2022,
Kwai Tsing,"Block E, New Kwai Fong Gardens",06/05/2022,
Kwai Tsing,"Shek Wai House, Shek Lei Estate",06/05/2022,
Kwai Tsing,"Tower 2, Rambler Crest",06/05/2022,
Kwai Tsing,"On Mei House, Cheung On Estate",06/05/2022,
Kwun Tong,"Tsui Shek House, Ping Shek Estate",06/05/2022,
Kwun Tong,"Lai Tat House, On Tat Estate",06/05/2022,
Kwun Tong,"Block 2, Hong Lee Court",06/05/2022,
Kwun Tong,"Choi Sin House, Choi Fook Estate",06/05/2022,
Kwun Tong,"Block S1, Telford Gardens",06/05/2022,
Kwun Tong,"Block S, Telford Gardens",06/05/2022,
Kwun Tong,"Man Wah House, Lok Wah South Estate",06/05/2022,
Kwun Tong,"Hong Lai House, Yau Lai Estate",06/05/2022,
Kwun Tong,"Tower 1B, One East Coast",06/05/2022,
Kwun Tong,"Block 1, Sceneway Garden",06/05/2022,
Kwun Tong,"Sheung Fu House, Upper Ngau Tau Kok Estate",06/05/2022,
Kwun Tong,"Sau Hong House, Sau Mau Ping Estate",06/05/2022,
Kwun Tong,Tsap King Mansion,06/05/2022,
North,San Tsoi Building,06/05/2022,
North,"Wah Koon House, Wah Sum Estate",06/05/2022,
Sai Kung,"Tower 6, Nan Fung Plaza",06/05/2022,
Sai Kung,"Block 3, The Pinnacle",06/05/2022,
Sai Kung,"Block 6, Phase 1, Metro City",06/05/2022,
Sai Kung,"Fai Lam House, Tsui Lam Estate",06/05/2022,
Sai Kung,"Tower 7, Hong Kong University of Science and Technology Staff Quarters",06/05/2022,
Sham Shui Po,"Un Tai House, Un Chau Estate",06/05/2022,
Sham Shui Po,Hip Hing Building,06/05/2022,
Sham Shui Po,112-116 Ki Lung Street,06/05/2022,
Sham Shui Po,361 Ki Lung Street,06/05/2022,
Sham Shui Po,Fuk Wing Mansion,06/05/2022,
Sha Tin,Ha Keng Hau,06/05/2022,
Sha Tin,"Lee Wing House, Lee On Estate",06/05/2022,
Sha Tin,"Block 3, Saddle Ridge Garden",06/05/2022,
Sha Tin,"Block 9, Saddle Ridge Garden",06/05/2022,
Sha Tin,Choi Wo Court,06/05/2022,
Sha Tin,"Iris Court, Pictorial Garden",06/05/2022,
Sha Tin,Wo Liu Hang Village,06/05/2022,
Southern,Fairmount Terrace,06/05/2022,
Southern,"Tung Mau House, Lei Tung Estate",06/05/2022,
Southern,"Ka Ping House, Ka Lung Court",06/05/2022,
Southern,"Yee King Court, South Horizons",06/05/2022,
Southern,"Wah Kwong House, Wah Fu Estate",06/05/2022,
Southern,"Tower 1, Residence Bel-Air",06/05/2022,
Southern,"Lei Chak House, Ap Lei Chau Estate",06/05/2022,
Tai Po,"Tsui Wo House, Tai Wo Estate",06/05/2022,
Tai Po,"Heng Tsui House, Fu Heng Estate",06/05/2022,
Tai Po,73 Kwong Fuk Road,06/05/2022,
Tai Po,"Tower 13, Phase 2, Centra Horizon",06/05/2022,
Tai Po,"Yat Wing House, Yat Nga Court",06/05/2022,
Tsuen Wan,"Block 6, Discovery Park",06/05/2022,
Tsuen Wan,"Shek Ho House, Shek Wai Kok Estate",06/05/2022,
Tsuen Wan,"Tower 1, Bellagio",06/05/2022,
Tuen Mun,"Hing Shing House, Tai Hing Estate",06/05/2022,
Tuen Mun,"Kwan Tai House, Fu Tai Estate",06/05/2022,
Tuen Mun,"Yat Tai House, Fu Tai Estate",06/05/2022,
Tuen Mun,"Tower 2, Emerald Bay",06/05/2022,
Tuen Mun,"Leung Chi House, Leung King Estate",06/05/2022,
Wan Chai,Southorn Garden,06/05/2022,
Wan Chai,Wing Cheung Mansion,06/05/2022,
Wong Tai Sin,"Kai Wang House, Kai Chuen Court",06/05/2022,
Wong Tai Sin,"Fu Nga House, Fu Keung Court",06/05/2022,
Wong Tai Sin,"Tak Yin House, Tak Keung Court",06/05/2022,
Wong Tai Sin,"Oi Hong House, Tsz Oi Court",06/05/2022,
Wong Tai Sin,"Man Tai House, Tsz Man Estate",06/05/2022,
Wong Tai Sin,"Block 2, Hsin Kuang Centre",06/05/2022,
Wong Tai Sin,"Cheung Tung House, Tung Tau Estate",06/05/2022,
Wong Tai Sin,"Shun Tin House, Shatin Pass Estate",06/05/2022,
Wong Tai Sin,"King Fung House, King Shan Court",06/05/2022,
Wong Tai Sin,Ying Fuk Court,06/05/2022,
Wong Tai Sin,"Chui Yuen House, Chuk Yuen South Estate",06/05/2022,
Yau Tsim Mong,Chung Sing Building,06/05/2022,
Yau Tsim Mong,Shining Heights,06/05/2022,
Yau Tsim Mong,The Masterpiece,06/05/2022,
Yau Tsim Mong,196 Tong Mi Road,06/05/2022,
Yau Tsim Mong,Fortune Court,06/05/2022,
Yau Tsim Mong,1128 Canton Road,06/05/2022,
Yau Tsim Mong,Comfort Mansion,06/05/2022,
Yau Tsim Mong,Kwong Yu Building,06/05/2022,
Yau Tsim Mong,Pak Shing Building,06/05/2022,
Yau Tsim Mong,12 Hung Lok Road,06/05/2022,
Yau Tsim Mong,Rosewood Hong Kong,06/05/2022,
Yuen Long,"Block 2, Grand Yoho",06/05/2022,
Yuen Long,"Tower 22, Park Yoho Napoli",06/05/2022,
Yuen Long,Ha Che,06/05/2022,
Yuen Long,Champion Building,06/05/2022,
Yuen Long,Tai Tseng Wai,06/05/2022,
Yuen Long,Tai Tong Tsuen,06/05/2022,
Yuen Long,"Heng Fu House, Tin Heng Estate",06/05/2022,
Yuen Long,"Shui Choi House, Tin Shui Estate",06/05/2022,
Yuen Long,"Tower 7, Uptown",06/05/2022,
Yuen Long,"Tower 2, Sol City",06/05/2022,
Yuen Long,"Wah Ping House, Long Ping Estate",06/05/2022,
Yuen Long,"Tower 5, Central Park Towers",06/05/2022,
Yuen Long,Wang Chau Fuk Hing Tsuen,06/05/2022,
Yuen Long,Sha Kiu Tsuen,06/05/2022,
Yuen Long,House on Kau Sai street,06/05/2022,
Yuen Long,"Block 9, Recours La Serre",06/05/2022,
Central & Western,"Block B, Phase 3, Kwan Yick Building",07/05/2022,
Central & Western,Caine Mansion,07/05/2022,
Central & Western,Jadestone Court,07/05/2022,
Central & Western,"Tower 2, Regent On The Park",07/05/2022,
Central & Western,"Block 2, Yuk Ming Towers",07/05/2022,
Eastern,High Life Mansion,07/05/2022,
Eastern,"Block 14, Provident Centre",07/05/2022,
Eastern,"Tsui Lam House, Shan Tsui Court",07/05/2022,
Eastern,"Oi Po House, Oi Tung Estate",07/05/2022,
Eastern,"Bik Tsui House, Hiu Tsui Court",07/05/2022,
Eastern,"Block 27, Heng Fa Chuen",07/05/2022,
Eastern,"Block 50, Heng Fa Chuen",07/05/2022,
Eastern,"Hiu Tao House, Tung Tao Court",07/05/2022,
Eastern,"Yat Hei House, Tung Hei Court",07/05/2022,
Eastern,Golden Mansion,07/05/2022,
Islands,Sha Lo Wan Tsuen,07/05/2022,
Islands,"Mei Yat House, Yat Tung Estate",07/05/2022,
Kowloon City,"Yat Man House, Ho Man Tin Estate",07/05/2022,
Kowloon City,"Tower 2, Sky Tower",07/05/2022,
Kowloon City,Siu Fung Court,07/05/2022,
Kowloon City,"Tower 3, Ocean Waves, Victoria Skye",07/05/2022,
Kowloon City,Spring Heights,07/05/2022,
Kowloon City,Timber House,07/05/2022,
Kowloon City,"Hung Fai House, Hung Hom Estate",07/05/2022,
Kowloon City,110 Maidstone Road,07/05/2022,
Kowloon City,Inverness Villa,07/05/2022,
Kowloon City,The Bloomsville,07/05/2022,
Kowloon City,"Block 2, Sunshine Plaza",07/05/2022,
Kwai Tsing,"Block 5, Highland Park",07/05/2022,
Kwai Tsing,"Shek Foon House, Shek Lei Estate",07/05/2022,
Kwai Tsing,"Pak Kwai House, Kwai Chung Estate",07/05/2022,
Kwai Tsing,"Kwai Ming House, Kwai Fong Estate",07/05/2022,
Kwun Tong,"Kai Ning House, Kai Yip Estate",07/05/2022,
Kwun Tong,"Hung Shek House, Ping Shek Estate",07/05/2022,
Kwun Tong,"Tak Yu House, Tak Long Estate",07/05/2022,
Kwun Tong,"Tak Lok House, Tak Tin Estate",07/05/2022,
Kwun Tong,"Yung Lai House, Yau Lai Estate",07/05/2022,
Kwun Tong,8 Clear Water Bay Road,07/05/2022,
Kwun Tong,"Block 4, Lotus Tower, Kwun Tong Garden Estate",07/05/2022,
Kwun Tong,"Tin Wing House, Shun Tin Estate",07/05/2022,
Kwun Tong,"Tin Chi House, Shun Tin Estate",07/05/2022,
Kwun Tong,"Shun Hong House, Shun Chi Court",07/05/2022,
Kwun Tong,"Ko Yuet House, Ko Yee Estate",07/05/2022,
Kwun Tong,"Block 5, Richland Gardens",07/05/2022,
North,"Yung Wa House, Yung Shing Court",07/05/2022,
Sai Kung,"Block 4, Fu Ning Garden",07/05/2022,
Sai Kung,"Sheung Ming House, Sheung Tak Estate",07/05/2022,
Sai Kung,"Ming Toa House, Ming Tak Estate",07/05/2022,
Sai Kung,"King Yung House, King Lam Estate",07/05/2022,
Sai Kung,"Block 8, Oscar By The Sea",07/05/2022,
Sai Kung,"Tower 12, Ocean Shores",07/05/2022,
Sham Shui Po,"Nam Fung House, Nam Shan Estate",07/05/2022,
Sham Shui Po,"Fu Yuet House, Fu Cheong Estate",07/05/2022,
Sham Shui Po,New Un Chau Building,07/05/2022,
Sham Shui Po,"Tower 5, Banyan Garden",07/05/2022,
Sham Shui Po,"Tai Tin House, Pak Tin Estate",07/05/2022,
Sham Shui Po,"Block 21, Shek Kip Mei Estate",07/05/2022,
Sham Shui Po,"Block A, Merlin Centre",07/05/2022,
Sham Shui Po,"Block B, Federal Mansion",07/05/2022,
Sham Shui Po,"Cedar House, So Uk Estate",07/05/2022,
Sha Tin,To Shek,07/05/2022,
Sha Tin,"Alder House, Kwong Yuen Estate",07/05/2022,
Sha Tin,"Fung Shek House, Shek Mun Estate",07/05/2022,
Sha Tin,"Fung Wo House, Wo Che Estate",07/05/2022,
Sha Tin,"Yiu Chung House, Yiu On Estate",07/05/2022,
Sha Tin,"Wing Shing House, Fung Shing Court",07/05/2022,
Sha Tin,"Block 6, Jubilee Garden",07/05/2022,
Sha Tin,"Jubilee Court, Jubilee Garden",07/05/2022,
Sha Tin,"Hin Yiu House, Hin Yiu Estate",07/05/2022,
Southern,"Lei Moon House, Ap Lei Chau Estate",07/05/2022,
Tai Po,"Kwong Lai House, Kwong Fuk Estate",07/05/2022,
Tai Po,Wing Fai Garden,07/05/2022,
Tsuen Wan,The Blue Yard,07/05/2022,
Tsuen Wan,"Tower 3, Primrose Hill",07/05/2022,
Tsuen Wan,"Block 1, Tsuen Kam Centre",07/05/2022,
Tuen Mun,"Tsui Lun House, Siu Lun Court",07/05/2022,
Tuen Mun,"Block 8, Tuen Mun Town Plaza",07/05/2022,
Tuen Mun,"King Kwai House, Shan King Estate",07/05/2022,
Tuen Mun,"Block 1, Hanford Garden",07/05/2022,
Tuen Mun,"Block 10, Yuet Wu Villa",07/05/2022,
Tuen Mun,"Block 8, Sun Tuen Mun Centre",07/05/2022,
Tuen Mun,Kim Bo Building,07/05/2022,
Wan Chai,Eaton Residences,07/05/2022,
Wan Chai,York Place,07/05/2022,
Wan Chai,Cheong Ip Building,07/05/2022,
Wan Chai,30-32 Swatow Street,07/05/2022,
Wan Chai,Tsui Man Court,07/05/2022,
Wan Chai,The Oakhill,07/05/2022,
Wan Chai,"Block B, Winfield Building",07/05/2022,
Wong Tai Sin,"Ching Yi House, Tsz Ching Estate",07/05/2022,
Wong Tai Sin,"Wang Hong House, Lok Fu Estate",07/05/2022,
Yau Tsim Mong,"Moon Tower, The Arch",07/05/2022,
Yau Tsim Mong,Nam Fung House,07/05/2022,
Yau Tsim Mong,76-78 Prince Edward Road West,07/05/2022,
Yau Tsim Mong,"Block 15, Charming Garden",07/05/2022,
Yau Tsim Mong,Metro Regalia,07/05/2022,
Yau Tsim Mong,Wing Kwong Building,07/05/2022,
Yau Tsim Mong,"Tower 3, Florient Rise",07/05/2022,
Yau Tsim Mong,110 Fa Yuen Street,07/05/2022,
Yau Tsim Mong,Jean House,07/05/2022,
Yuen Long,"Block 1, Grandeur Terrace",07/05/2022,
Yuen Long,"Block 5, Lynwood Court, Kingswood Villas",07/05/2022,
Yuen Long,Hang Mei Tsuen,07/05/2022,
Yuen Long,"Ching Moon House, Tin Ching Estate",07/05/2022,
Yuen Long,"Shing Wui House, Tin Shing Court",07/05/2022,
Yuen Long,"Yiu Shing House, Tin Yiu Estate",07/05/2022,
Yuen Long,"Yat Chi House, Tin Yat Estate",07/05/2022,
Yuen Long,"Yat Hoi House, Tin Yat Estate",07/05/2022,
Yuen Long,"Chung Wa House, Tin Chung Court",07/05/2022,
Yuen Long,"Block 2, Ho Shun King Building",07/05/2022,
Yuen Long,"Block 32, Chun Hing San Tsuen",07/05/2022,
Yuen Long,Tung Tau Tsuen,07/05/2022,
Yuen Long,Comet Mansion,07/05/2022,
Central & Western,Nan Hai Mansion,08/05/2022,
Central & Western,Ching Tak Building,08/05/2022,
Eastern,"Block 6, Fullview Garden",08/05/2022,
Eastern,"Block 45, Heng Fa Chuen",08/05/2022,
Eastern,Tung Keung Building,08/05/2022,
Eastern,Tung Shing Court,08/05/2022,
Eastern,"Cheung Pak Mansion, Parkvale",08/05/2022,
Eastern,"Block 5, Lok Hin Terrace",08/05/2022,
Islands,"Tower 1, The Visionary",08/05/2022,
Islands,"Yu Ying House, Yu Tai Court",08/05/2022,
Islands,"Ching Yat House, Yat Tung Estate",08/05/2022,
Kowloon City,"Tower 2, Oasis Kai Tak",08/05/2022,
Kowloon City,"Block 2, Royal Peninsula",08/05/2022,
Kowloon City,"On Fook Building, On Wo Yuen",08/05/2022,
Kowloon City,Kam Tong Building,08/05/2022,
Kowloon City,"Block 5, Banyan Mansions, Whampoa Garden",08/05/2022,
Kowloon City,"Block 3, Willow Mansions, Whampoa Garden",08/05/2022,
Kowloon City,"Block 5, Cherry Mansions, Whampoa Garden",08/05/2022,
Kwai Tsing,"Fu Pik House, Tai Wo Hau Estate",08/05/2022,
Kwai Tsing,"Block 5, Mayfair Gardens",08/05/2022,
Kwai Tsing,"Hong Fung House, Cheung Hong Estate",08/05/2022,
Kwai Tsing,"Lok Yiu House, Lai Yiu Estate",08/05/2022,
Kwun Tong,"Block A, Hipway Towers",08/05/2022,
Kwun Tong,"Kai Yan House, Kai Tin Estate",08/05/2022,
Kwun Tong,"Kam Shek House, Ping Shek Estate",08/05/2022,
Kwun Tong,"Ping Shun House, Ping Tin Estate",08/05/2022,
Kwun Tong,"Ying Fu House, Choi Ying Estate",08/05/2022,
Kwun Tong,Chun Wah Court,08/05/2022,
Kwun Tong,"Hiu Ching House, Hiu Lai Court",08/05/2022,
Kwun Tong,"Yan Lai House, Yau Lai Estate",08/05/2022,
Kwun Tong,"Ying Lai House, Yau Lai Estate",08/05/2022,
Kwun Tong,"Block 15, Sceneway Garden",08/05/2022,
Kwun Tong,Shui Ning House,08/05/2022,
Kwun Tong,"Lam Fai House, Lam Tin Estate",08/05/2022,
Kwun Tong,"Chun Mau House, Ko Chun Court",08/05/2022,
Kwun Tong,"Block 29, Laguna City",08/05/2022,
North,Kai Fong Garden,08/05/2022,
North,"Ka Ming House, Ka Shing Court",08/05/2022,
North,"Tin Long House, Tin Ping Estate",08/05/2022,
North,"Chun King House, King Shing Court",08/05/2022,
North,"Block 36, Sha Tau Kok Chuen",08/05/2022,
North,"Ching Chiu House, Ching Ho Estate",08/05/2022,
Sai Kung,"Block 8, Beverly Garden",08/05/2022,
Sai Kung,"Tower 1, The Capitol, Lohas Park",08/05/2022,
Sai Kung,Ma Yau Tong,08/05/2022,
Sham Shui Po,Wai Yip Building,08/05/2022,
Sham Shui Po,"Tower 1, Heya Green",08/05/2022,
Sham Shui Po,"Tower 2, Heya Green",08/05/2022,
Sham Shui Po,"Fu Loy House, Fu Cheong Estate",08/05/2022,
Sham Shui Po,"Wing Hei House, Po Hei Court",08/05/2022,
Sham Shui Po,"Tower 2, Manhattan Hill",08/05/2022,
Sham Shui Po,"Tower 6, Cronin Garden",08/05/2022,
Sham Shui Po,"Mei Shing House, Shek Kip Mei Estate",08/05/2022,
Sha Tin,"Block 2, Wai Wah Centre",08/05/2022,
Sha Tin,"Pok Yat House, Pok Hong Estate",08/05/2022,
Sha Tin,"Banyan House, Kwong Yuen Estate",08/05/2022,
Sha Tin,"Tower 3, The Palazzo",08/05/2022,
Sha Tin,"Yan Wai House, Sun Tin Wai Estate",08/05/2022,
Sha Tin,"Ling Chuen House, Shui Chuen O Estate",08/05/2022,
Sha Tin,"Block 4, Ravana Garden",08/05/2022,
Sha Tin,"Tower 3, Lake Silver",08/05/2022,
Sha Tin,"Kam Ying House, Kam Tai Court",08/05/2022,
Sha Tin,"Hin Hing House, Hin Keng Estate",08/05/2022,
Southern,Sunny Court,08/05/2022,
Southern,"Wu On House, Yue On Court",08/05/2022,
Southern,"Tin Hong House, Tin Wan Estate",08/05/2022,
Tai Po,"Ka Wo House, Po Nga Court",08/05/2022,
Tai Po,Cheung Shue Tan,08/05/2022,
Tsuen Wan,"Tower 27, Park Island",08/05/2022,
Tsuen Wan,"Tower A, Clague Garden Estate",08/05/2022,
Tsuen Wan,"Block C, Tsuen Tak Gardens",08/05/2022,
Tuen Mun,"Ting Yau House, Siu On Court",08/05/2022,
Tuen Mun,"Siu Kei House, Siu Hong Court",08/05/2022,
Tuen Mun,Siu Pong Court,08/05/2022,
Tuen Mun,"Ting Fuk House, On Ting Estate",08/05/2022,
Tuen Mun,Richmond Garden,08/05/2022,
Tuen Mun,San Hui Village,08/05/2022,
Tuen Mun,"Tower 2, Goodview Garden",08/05/2022,
Wan Chai,Ewan Court,08/05/2022,
Wan Chai,The Warren,08/05/2022,
Wong Tai Sin,"Block 5, Kingsford Terrace",08/05/2022,
Wong Tai Sin,"Fu Lai House, Fu Shan Estate",08/05/2022,
Wong Tai Sin,"Yan Tung House, Tung Tau Estate",08/05/2022,
Wong Tai Sin,"Wang Wai House, Wang Tau Hom Estate",08/05/2022,
Wong Tai Sin,"King Pik House, King Shan Court",08/05/2022,
Wong Tai Sin,"Sau Yuen House, Chuk Yuen South Estate",08/05/2022,
Wong Tai Sin,"Block 3, Tsui Chuk Garden",08/05/2022,
Wong Tai Sin,"Lung Tai House, Lower Wong Tai Sin Estate",08/05/2022,
Yau Tsim Mong,"Tower 2, Central Park",08/05/2022,
Yau Tsim Mong,Hong Lok Mansion,08/05/2022,
Yuen Long,"Yuen Fu House, Tin Fu Court",08/05/2022,
Yuen Long,"Heng Kin House, Tin Heng Estate",08/05/2022,
Yuen Long,"Ching Pik House, Tin Ching Estate",08/05/2022,
Yuen Long,"Block 2, Vianni Cove",08/05/2022,
Yuen Long,Shui Lau Tin,08/05/2022,
Yuen Long,Oak Hill,08/05/2022,
Yuen Long,Kui Fat Building,08/05/2022,
Central & Western,"Block A, Nam Hung Mansion",09/05/2022,
Central & Western,"Block 3, The Grand Panorama",09/05/2022,
Central & Western,On Fat Building,09/05/2022,
Eastern,Tai On Building,09/05/2022,
Eastern,"Tower 4, Greenwood Terrace",09/05/2022,
Eastern,Tung Lam Court,09/05/2022,
Eastern,Wing Hing Court,09/05/2022,
Eastern,"Tower 6, Victoria Harbour",09/05/2022,
Eastern,Hoi Hing Building,09/05/2022,
Islands,"Mun Shun House, Mun Tung Estate",09/05/2022,
Kowloon City,Yen Cheong Building,09/05/2022,
Kowloon City,"Chung Man House, Oi Man Estate",09/05/2022,
Kowloon City,11-15 Tak Ku Ling Road,09/05/2022,
Kowloon City,3 Wing Yiu Street,09/05/2022,
Kowloon City,"Tower 10, One Beacon Hill",09/05/2022,
Kowloon City,"Block 7, Lily Mansions, Whampoa Garden",09/05/2022,
Kowloon City,"Block 9, Oak Mansions, Whampoa Garden",09/05/2022,
Kwai Tsing,"Fu Tai House, Tai Wo Hau Estate",09/05/2022,
Kwai Tsing,"Block 2, Villa Esplanada",09/05/2022,
Kwai Tsing,"Tower 10, Tierra Verde",09/05/2022,
Kwai Tsing,"Shek Yan House, Shek Lei Estate",09/05/2022,
Kwai Tsing,"Kai King Lau, Cho Yiu Chuen",09/05/2022,
Kwun Tong,"Wo Tai House, On Tai Estate",09/05/2022,
Kwun Tong,"Tat Kwai House, Po Tat Estate",09/05/2022,
Kwun Tong,"Shun Wah House, Lok Wah North Estate",09/05/2022,
Kwun Tong,Wing Fai Building,09/05/2022,
Kwun Tong,"Yuk Mei House, Yau Chui Court",09/05/2022,
Kwun Tong,"Block Q, Amoy Gardens",09/05/2022,
Kwun Tong,"Sau Lok House, Sau Mau Ping Estate",09/05/2022,
Kwun Tong,"Sau Chi House, Sau Mau Ping Estate",09/05/2022,
Kwun Tong,"Tsui To House, Tsui Ping North Estate",09/05/2022,
Kwun Tong,"Tsui Yung House, Tsui Ping North Estate",09/05/2022,
North,"Block A, Sheung Shui Disciplined Service Quarters",09/05/2022,
North,Tong Kung Leng,09/05/2022,
North,Leng Tsai,09/05/2022,
North,"Block 2, Wing Fok Centre",09/05/2022,
North,"Yan Yuet House, Yan Shing Court",09/05/2022,
North,Fan Leng Lau Tsuen,09/05/2022,
North,"Shun Ming House, Wah Ming Estate",09/05/2022,
North,"Yung Sui House, Yung Shing Court",09/05/2022,
Sai Kung,"Tower 1, The Grandiose",09/05/2022,
Sai Kung,"Kwong Cheong House, Kwong Ming Court",09/05/2022,
Sai Kung,"Tower 5, The Capitol, Lohas Park",09/05/2022,
Sham Shui Po,"Hoi Pik House, Hoi Lok Court",09/05/2022,
Sham Shui Po,"Fu Wong House, Fu Cheong Estate",09/05/2022,
Sham Shui Po,"Hoi Yin House, Hoi Lai Estate",09/05/2022,
Sham Shui Po,"Block 8, Beacon Heights",09/05/2022,
Sham Shui Po,"Cheung Tin House, Pak Tin Estate",09/05/2022,
Sham Shui Po,"Mei Yick House, Shek Kip Mei Estate",09/05/2022,
Sham Shui Po,"Mei Foo Sun Chuen Stage 1, 31 Broadway",09/05/2022,
Sham Shui Po,"Marigold House, So Uk Estate",09/05/2022,
Sham Shui Po,"Cherry House, So Uk Estate",09/05/2022,
Sha Tin,"Block 14, Chevalier Garden",09/05/2022,
Sha Tin,"Fontana Heights, Belair Gardens",09/05/2022,
Sha Tin,"Block 1, Fu Fai Garden",09/05/2022,
Sha Tin,"Hong Wai House, Sun Tin Wai Estate",09/05/2022,
Sha Tin,"Sun Yuet House, Sun Chui Estate",09/05/2022,
Sha Tin,"Hung Sam House, King Tin Court",09/05/2022,
Sha Tin,Lee Uk Village,09/05/2022,
Sha Tin,"Block 5, Ravana Garden",09/05/2022,
Sha Tin,"Block 23, Greenwood Terrace",09/05/2022,
Sha Tin,"Block 2, Grandeur Garden",09/05/2022,
Sha Tin,"Block 1, Jubilee Garden",09/05/2022,
Sha Tin,"Kam Pong House, Kam Tai Court",09/05/2022,
Sha Tin,"Hyatt Regency Hong Kong, Sha Tin",09/05/2022,
Southern,"Ching Hoy Lau, Yue Kwong Chuen",09/05/2022,
Southern,"Block B, Abba House",09/05/2022,
Southern,"Wah Tai House, Wah Fu Estate",09/05/2022,
Tai Po,Tai Mei Tuk Tsuen,09/05/2022,
Tai Po,Yee Yuen,09/05/2022,
Tai Po,"Fu Cheong Court, Fortune Plaza",09/05/2022,
Tai Po,Bong Hing Building,09/05/2022,
Tai Po,Shun On Building,09/05/2022,
Tsuen Wan,"Block 3, Lei Muk Shue Estate",09/05/2022,
Tsuen Wan,58 Ho Pui Street,09/05/2022,
Tsuen Wan,"Tower 5, Ocean Pride",09/05/2022,
Tsuen Wan,"Block 3, Bayview Garden",09/05/2022,
Tsuen Wan,"Block B, Allway Gardens",09/05/2022,
Tsuen Wan,Heung Shing Building,09/05/2022,
Tuen Mun,"Siu Ho House, Siu Hong Court",09/05/2022,
Tuen Mun,"Siu Fu House, Siu Kwai Court",09/05/2022,
Tuen Mun,"Ngan Lun House, Siu Lun Court",09/05/2022,
Tuen Mun,"Ting Cheung House, On Ting Estate",09/05/2022,
Tuen Mun,"Yan Tai House, Fu Tai Estate",09/05/2022,
Tuen Mun,"King Yip House, Shan King Estate",09/05/2022,
Tuen Mun,"Tower 8, Aegean Coast",09/05/2022,
Tuen Mun,"Lok Yee Yuen, Chi Lok Fa Yuen",09/05/2022,
Tuen Mun,"Block 9, Lung Mun Oasis",09/05/2022,
Wan Chai,Hennessy Building,09/05/2022,
Wong Tai Sin,"Fu Fai House, Fu Shan Estate",09/05/2022,
Wong Tai Sin,San Po Kong Mansion,09/05/2022,
Wong Tai Sin,"Lok Him House, Lok Fu Estate",09/05/2022,
Wong Tai Sin,"Wang Yiu House, Wang Tau Hom Estate",09/05/2022,
Wong Tai Sin,"Block 1, Hill Top Gardens",09/05/2022,
Wong Tai Sin,"Lung Chak House, Lower Wong Tai Sin Estate",09/05/2022,
Yau Tsim Mong,26 Ki Lung Street,09/05/2022,
Yau Tsim Mong,"Hoi Lam House, Hoi Fu Court",09/05/2022,
Yau Tsim Mong,"Block 6, Metro Harbour View",09/05/2022,
Yau Tsim Mong,"Block B, Lai Tong Building",09/05/2022,
Yuen Long,Ha Che Tsuen,09/05/2022,
Yuen Long,Wai Fat Building,09/05/2022,
Yuen Long,"Block 3, Kenswood Court, Kingswood Villas",09/05/2022,
Yuen Long,"Yan Yi House, Tin Yan Estate",09/05/2022,
Yuen Long,"Shing Chi House, Tin Shing Court",09/05/2022,
Yuen Long,"Tower 8, The Reach",09/05/2022,
Yuen Long,"Tower 1, Vianni Cove",09/05/2022,
Yuen Long,"Dip Shui House, Shui Pin Wai Estate",09/05/2022,
Yuen Long,Pak Sha Tsuen,09/05/2022,
Yuen Long,Ma Tin Tsuen,09/05/2022,
Central & Western,Lexington Hill,10/05/2022,
Central & Western,Parkway Court,10/05/2022,
Central & Western,Hong Ming Building,10/05/2022,
Central & Western,215 Des Voeux Road West,10/05/2022,
Central & Western,Rockson Mansion,10/05/2022,
Central & Western,Wah Fai Court,10/05/2022,
Eastern,"Shun On Mansion, Taikoo Shing",10/05/2022,
Eastern,5 Wang Wa Street,10/05/2022,
Eastern,"Tower 7, Greenwood Terrace",10/05/2022,
Eastern,"Yue On House, Yue Wan Estate",10/05/2022,
Islands,"Tung Shing House, Fu Tung Estate",10/05/2022,
Islands,"Greenmont Court, Greenvale Village, Discovery Bay",10/05/2022,
Kowloon City,"Block F, Hang Chien Court, Wyler Gardens",10/05/2022,
Kowloon City,"Block H, Hang Chien Court, Wyler Gardens",10/05/2022,
Kowloon City,Kwun Hei Court,10/05/2022,
Kowloon City,"Kai Yat House, Kai Long Court",10/05/2022,
Kowloon City,Garfield Court,10/05/2022,
Kowloon City,"Phase 1, Mei King Mansion",10/05/2022,
Kwai Tsing,"Chak Yam House, On Yam Estate",10/05/2022,
Kwai Tsing,"Block 1, Tivoli Garden",10/05/2022,
Kwai Tsing,"Block 10, Wonderland Villas",10/05/2022,
Kwai Tsing,"Block A, Kwai Sing Centre",10/05/2022,
Kwai Tsing,"Chui Kwai House, Kwai Chung Estate",10/05/2022,
Kwai Tsing,"Luen Yat House, Kwai Luen Estate",10/05/2022,
Kwai Tsing,"Kwai Foon House, Kwai Fong Estate",10/05/2022,
Kwai Tsing,"Kwai Him House, Kwai Yin Court",10/05/2022,
Kwai Tsing,Kwai Loong Building,10/05/2022,
Kwun Tong,"Chi Tai House, On Tai Estate",10/05/2022,
Kwun Tong,"Tat Fung House, Po Tat Estate",10/05/2022,
Kwun Tong,"Kwong Hin House, Kwong Tin Estate",10/05/2022,
Kwun Tong,"Choi Sing House, Choi Ha Estate",10/05/2022,
Kwun Tong,"Tak Shui House, Tak Tin Estate",10/05/2022,
Kwun Tong,"Block 3, Sceneway Garden",10/05/2022,
Kwun Tong,"Kwai Hin House, Lower Ngau Tau Kok Estate",10/05/2022,
Kwun Tong,"Sau Ching House, Sau Mau Ping Estate",10/05/2022,
North,"Block 2, Dawning Views",10/05/2022,
North,Loi Tung,10/05/2022,
Sai Kung,"Tak Yue House, Hau Tak Estate",10/05/2022,
Sai Kung,"Wo Fai House, Wo Ming Court",10/05/2022,
Sai Kung,"Block 2, Bauhinia Garden",10/05/2022,
Sai Kung,"Tower 3, Sea To Sky, Lohas Park",10/05/2022,
Sai Kung,"Fai King House, King Ming Court",10/05/2022,
Sai Kung,"Block 7, East Point City",10/05/2022,
Sai Kung,"Hong Lam House, Tsui Lam Estate",10/05/2022,
Sai Kung,Ho Chung Village,10/05/2022,
Sham Shui Po,"Un Shing House, Un Chau Estate",10/05/2022,
Sham Shui Po,"Un Nga House, Un Chau Estate",10/05/2022,
Sham Shui Po,"Lai Yeung House, Lei Cheng Uk Estate",10/05/2022,
Sham Shui Po,"Tower 1, Banyan Garden",10/05/2022,
Sham Shui Po,"Hoi Ching House, Hoi Lai Estate",10/05/2022,
Sham Shui Po,2 Magnolia Road,10/05/2022,
Sham Shui Po,"Mei Ying House, Shek Kip Mei Estate",10/05/2022,
Sham Shui Po,"Mei Foo Sun Chuen Stage 3, 52 Broadway",10/05/2022,
Sham Shui Po,"Mei Foo Sun Chuen Stage 3, 72 Broadway",10/05/2022,
Sham Shui Po,"Mei Foo Sun Chuen Stage 6, 38-40 Nassau Street",10/05/2022,
Sham Shui Po,Welland Plaza,10/05/2022,
Sham Shui Po,"Lily House, So Uk Estate",10/05/2022,
Sham Shui Po,"Lai Ki House, Lai Tsui Court",10/05/2022,
Sha Tin,"Block 3, Wai Wah Centre",10/05/2022,
Sha Tin,"Yan Yuet House, Yan On Estate",10/05/2022,
Sha Tin,"Tower 2, The Riverpark",10/05/2022,
Sha Tin,"Hi Shek House, Shek Mun Estate",10/05/2022,
Sha Tin,"Shek Yuk House, Chun Shek Estate",10/05/2022,
Sha Tin,"Mei King House, Mei Tin Estate",10/05/2022,
Sha Tin,"Mei Mun House, Mei Tin Estate",10/05/2022,
Sha Tin,"Kam Lan House, Kam Fung Court",10/05/2022,
Southern,"Block 2, South Wave Court",10/05/2022,
Southern,Tsung Man Court,10/05/2022,
Tai Po,"Block 9, Tai Po Centre",10/05/2022,
Tai Po,"Lai Wo House, Tai Wo Estate",10/05/2022,
Tai Po,"Heng Tai House, Fu Heng Estate",10/05/2022,
Tai Po,"Hong Shun Court, Sun Hing Garden",10/05/2022,
Tai Po,TWGHs Pao Siu Loong Care & Attention Home,10/05/2022,
Tai Po,"Block 11, Cameo Court",10/05/2022,
Tai Po,"Tower 6, Deerhill Bay",10/05/2022,
Tai Po,San Tau Kok Village,10/05/2022,
Tsuen Wan,"Tower North, Chelsea Court",10/05/2022,
Tsuen Wan,"Block 8, City Point",10/05/2022,
Tsuen Wan,"Tsui Shan House, Cheung Shan Estate",10/05/2022,
Tuen Mun,"Oi Lok House, Yau Oi Estate",10/05/2022,
Tuen Mun,"Ting Hong House, On Ting Estate",10/05/2022,
Tuen Mun,"Lok Sang House, Kin Sang Estate",10/05/2022,
Tuen Mun,"Block 6, Handsome Court",10/05/2022,
Tuen Mun,"Hei Tin House, Yan Tin Estate",10/05/2022,
Tuen Mun,"Pacific House, Affluence Garden",10/05/2022,
Tuen Mun,"Block 3, Tsui Ning Garden",10/05/2022,
Tuen Mun,"Leung Chun House, Leung King Estate",10/05/2022,
Tuen Mun,"Tip Mo House, Butterfly Estate",10/05/2022,
Wan Chai,Henning House,10/05/2022,
Wan Chai,117-123 Hennessy Road,10/05/2022,
Wong Tai Sin,"Ka Wui House, Ka Keung Court",10/05/2022,
Wong Tai Sin,"Oi Kan House, Tsz Oi Court",10/05/2022,
Wong Tai Sin,"Tower B, Galaxia",10/05/2022,
Wong Tai Sin,"Wang Cho House, Wang Tau Hom Estate",10/05/2022,
Wong Tai Sin,"Mui Yuen House, Chuk Yuen North Estate",10/05/2022,
Wong Tai Sin,"Cheung Yuen House, Chuk Yuen North Estate",10/05/2022,
Wong Tai Sin,14 Ngan Fung Street,10/05/2022,
Yau Tsim Mong,16 Hamilton street,10/05/2022,
Yau Tsim Mong,"Block 2, Charming Garden",10/05/2022,
Yau Tsim Mong,Pak Lok Building,10/05/2022,
Yau Tsim Mong,"Tower 5, Island Harbourview",10/05/2022,
Yau Tsim Mong,Arts Mansion,10/05/2022,
Yau Tsim Mong,Golden Mansion,10/05/2022,
Yuen Long,Sheung Chuk Yuen,10/05/2022,
Yuen Long,"Block 4, Maywood Court, Kingswood Villas",10/05/2022,
Yuen Long,"Heng Kwai House, Tin Heng Estate",10/05/2022,
Yuen Long,"Yan Ying House, Tin Yan Estate",10/05/2022,
Yuen Long,"Yuet Kwai House, Tin Yuet Estate",10/05/2022,
Yuen Long,"Ching Hei House, Tin Ching Estate",10/05/2022,
Yuen Long,"Chak Sing House, Tin Chak Estate",10/05/2022,
Yuen Long,"Shing Chiu House, Tin Shing Court",10/05/2022,
Yuen Long,"Yau Ning House, Tin Yau Court",10/05/2022,
Yuen Long,"Wah Yau House, Tin Wah Estate",10/05/2022,
Yuen Long,"Chung Yuet House, Tin Chung Court",10/05/2022,
Yuen Long,"Block B, Yee Fung Garden",10/05/2022,
Yuen Long,Chun Hing San Tsuen,10/05/2022,
Yuen Long,Wang Toi Shan Lo Uk Tsuen,10/05/2022,
Yuen Long,Ngau Keng Village,10/05/2022,
Yuen Long,Ma Tin Pok Tsuen,10/05/2022,
Central & Western,"Block 1, Cayman Rise",11/05/2022,
Central & Western,39 Conduit Road,11/05/2022,
Eastern,"Banyan Mansion, Taikoo Shing",11/05/2022,
Eastern,"Block 1, Fullview Garden",11/05/2022,
Eastern,"Oi Sin House, Oi Tung Estate",11/05/2022,
Eastern,Metropole Building,11/05/2022,
Eastern,The Eastborne,11/05/2022,
Eastern,"Wai Tsui House, Wan Tsui Estate",11/05/2022,
Eastern,Wah Po Commercial Centre,11/05/2022,
Kowloon City,"Tower 7, Sky Tower",11/05/2022,
Kowloon City,130 To Kwa Wan Road,11/05/2022,
Kowloon City,"Tower H2, De Novo",11/05/2022,
Kowloon City,"Tower 3, Grand Waterfront",11/05/2022,
Kwai Tsing,"On King House, Lai King Estate",11/05/2022,
Kwai Tsing,"Block 8, Kwai Shing West Estate",11/05/2022,
Kwai Tsing,"Kwai Hei House, Kwai Fong Estate",11/05/2022,
Kwai Tsing,"Hang Chun House, Cheung Hang Estate",11/05/2022,
Kwai Tsing,"Hang Lai House, Cheung Hang Estate",11/05/2022,
Kwai Tsing,"King Fat House, Cheung Fat Estate",11/05/2022,
Kwai Tsing,"Tower 1, Easeful Court",11/05/2022,
Kwun Tong,"Tak Loong House, Tak Long Estate",11/05/2022,
Kwun Tong,"Block 9, Sceneway Garden",11/05/2022,
Kwun Tong,"Sheung Hing House, Upper Ngau Tau Kok Estate",11/05/2022,
Kwun Tong,"Kwai Sun House, Lower Ngau Tau Kok Estate",11/05/2022,
North,4th Lane Tai Tau Leng,11/05/2022,
North,"Choi Ping House, Choi Yuen Estate",11/05/2022,
North,"Choi Wah House, Choi Yuen Estate",11/05/2022,
North,"Choi Ching House, Choi Po Court",11/05/2022,
North,2nd Lane Liu Pok,11/05/2022,
North,Tsung Pak Long,11/05/2022,
North,FAN GARDEN,11/05/2022,
Sai Kung,"Tower 2, Savannah",11/05/2022,
Sai Kung,"Tong Fai House, Tong Ming Court",11/05/2022,
Sai Kung,"Block 5, Fu Ning Garden",11/05/2022,
Sai Kung,"Tower 1, The Metropolis, Metro City",11/05/2022,
Sai Kung,"Amber, Hemera, Lohas Park",11/05/2022,
Sai Kung,13 Sha Tsui Path,11/05/2022,
Sai Kung,"Kwan Ming House, Yuk Ming Court",11/05/2022,
Sai Kung,"Block 3, Verbena Heights",11/05/2022,
Sham Shui Po,"Un Hei House, Un Chau Estate",11/05/2022,
Sham Shui Po,Wing Lee Mansion,11/05/2022,
Sham Shui Po,"Wing Chun House, Wing Cheong Estate",11/05/2022,
Sham Shui Po,"Wing Chak House, Chak On Estate",11/05/2022,
Sham Shui Po,Beacon Lodge,11/05/2022,
Sha Tin,"Lee Wah House, Lee On Estate",11/05/2022,
Sha Tin,"Block 15, Chevalier Garden",11/05/2022,
Sha Tin,"Mau Lam House, Kwong Lam Court",11/05/2022,
Sha Tin,"Oak House, Kwong Yuen Estate",11/05/2022,
Sha Tin,"Fook Wai House, Sun Tin Wai Estate",11/05/2022,
Sha Tin,"Mei Shek House, Shek Mun Estate",11/05/2022,
Sha Tin,"Foo Wo House, Wo Che Estate",11/05/2022,
Sha Tin,"King Wo House, Wo Che Estate",11/05/2022,
Sha Tin,"Fu Chung House, Mei Chung Court",11/05/2022,
Sha Tin,"Mei Chuen House, Mei Tin Estate",11/05/2022,
Sha Tin,"Block 18, Double Cove Starview",11/05/2022,
Sha Tin,"Kam Mei House, Kam Fung Court",11/05/2022,
Sha Tin,"Lung Yiu House, Kam Lung Court",11/05/2022,
Sha Tin,Sky One,11/05/2022,
Southern,"Tung Sing House, Lei Tung Estate",11/05/2022,
Southern,"Mei Hin Court, South Horizons",11/05/2022,
Southern,"Fung King Court, South Horizons",11/05/2022,
Tai Po,Ha Wong Yi Au,11/05/2022,
Tai Po,"Fook Wo House, Tai Wo Estate",11/05/2022,
Tai Po,"Kwong Shung House, Kwong Fuk Estate",11/05/2022,
Tai Po,San Uk Ka,11/05/2022,
Tai Po,Kau Liu Ha,11/05/2022,
Tsuen Wan,"Block 2, Fairview Garden",11/05/2022,
Tsuen Wan,Indi Home,11/05/2022,
Tsuen Wan,246 Sha Tsui Road,11/05/2022,
Tsuen Wan,61 Ho Pui Street,11/05/2022,
Tsuen Wan,"Shek Tsui House, Shek Wai Kok Estate",11/05/2022,
Tsuen Wan,"Tower B, Clague Garden Estate",11/05/2022,
Tsuen Wan,"Fontana Heights, Hong Kong Garden",11/05/2022,
Tsuen Wan,44-50 Ham Tin Street,11/05/2022,
Tuen Mun,Tseng Tau Tsuen,11/05/2022,
Tuen Mun,"Block 5, Chelsea Heights",11/05/2022,
Tuen Mun,"Oi Fai House, Yau Oi Estate",11/05/2022,
Tuen Mun,"Hing Ping House, Tai Hing Estate",11/05/2022,
Tuen Mun,"Hing Yiu House, Tai Hing Estate",11/05/2022,
Tuen Mun,"Hing Fai House, Tai Hing Estate",11/05/2022,
Tuen Mun,"Ting Tai House, On Ting Estate",11/05/2022,
Tuen Mun,"Block 1, Glorious Garden",11/05/2022,
Tuen Mun,"King Mei House, Shan King Estate",11/05/2022,
Tuen Mun,"Block 7, Handsome Court",11/05/2022,
Tuen Mun,"Felicitous House, Affluence Garden",11/05/2022,
Wan Chai,"Phase 2, Shan Kwong Towers",11/05/2022,
Wong Tai Sin,"Ming Lai House, Choi Wan Estate",11/05/2022,
Wong Tai Sin,"Cheung Bor House, Choi Wan Estate",11/05/2022,
Wong Tai Sin,"Hong Sau House, Tsz Hong Estate",11/05/2022,
Wong Tai Sin,"Oi Wah House, Tsz Oi Court",11/05/2022,
Wong Tai Sin,"Wui Yan House, Tung Wui Estate",11/05/2022,
Wong Tai Sin,"Wang Chiu House, Wang Tau Hom Estate",11/05/2022,
Wong Tai Sin,"Lung Kwong House, Lower Wong Tai Sin Estate",11/05/2022,
Wong Tai Sin,"Lung Hong House, Lower Wong Tai Sin Estate",11/05/2022,
Yau Tsim Mong,Man Wah Building,11/05/2022,
Yau Tsim Mong,156 Reclamation Street,11/05/2022,
Yau Tsim Mong,"Hoi Yu House, Hoi Fu Court",11/05/2022,
Yau Tsim Mong,37-39 Parkes Street,11/05/2022,
Yau Tsim Mong,Ying May Building,11/05/2022,
Yuen Long,"Block 1, Grand Yoho",11/05/2022,
Yuen Long,Nam Hang Tsuen,11/05/2022,
Yuen Long,Tai Hang Building,11/05/2022,
Yuen Long,"Chun Fu House, Tin Fu Court",11/05/2022,
Yuen Long,"Heng Chi House, Tin Heng Estate",11/05/2022,
Yuen Long,"Yan Chui House, Tin Yan Estate",11/05/2022,
Yuen Long,"Shui Sing House, Tin Shui Estate",11/05/2022,
Yuen Long,"Shui Fai House, Tin Shui Estate",11/05/2022,
Yuen Long,"Yiu Cheong House, Tin Yiu Estate",11/05/2022,
Yuen Long,"Shin Oi House, Long Shin Estate",11/05/2022,
Yuen Long,"Yuet Ping House, Long Ping Estate",11/05/2022,
Yuen Long,Kam Long Building,11/05/2022,
Central & Western,"Tower 5, The Belcher's",12/05/2022,
Central & Western,Hang Yue Building,12/05/2022,
Central & Western,High West,12/05/2022,
Central & Western,42 Third Street,12/05/2022,
Central & Western,"Block 8, Hee Wong Terrace",12/05/2022,
Central & Western,"Tower A, Hollywood Terrace",12/05/2022,
Eastern,"Lu Shan Mansion, Taikoo Shing",12/05/2022,
Eastern,"Tak Fook House, Walton Estate",12/05/2022,
Eastern,"Block 5, Cheerful Garden",12/05/2022,
Eastern,Fairview Court,12/05/2022,
Eastern,"Sau Fung House, Fung Wah Estate",12/05/2022,
Eastern,"Block C, Sunway Gardens",12/05/2022,
Eastern,"Block A, Metropole Building",12/05/2022,
Eastern,"Block A, Belleve Court",12/05/2022,
Eastern,"Lok Hing House, Hing Wah Estate",12/05/2022,
Eastern,"Tower 7, Land Resort",12/05/2022,
Eastern,Metro Hermitage,12/05/2022,
Islands,89B Pak She Back Street,12/05/2022,
Islands,"Twilight Court, Peninsula Village, Discovery Bay",12/05/2022,
Islands,"Tower 10, The Visionary",12/05/2022,
Islands,"Shun Yat House, Yat Tung Estate",12/05/2022,
Kowloon City,"Tower 2, K.City",12/05/2022,
Kowloon City,Metro6,12/05/2022,
Kowloon City,"Block B, Lux Theatre Building",12/05/2022,
Kowloon City,Fook Wan Mansion,12/05/2022,
Kwai Tsing,"Block 3, Broadview Garden",12/05/2022,
Kwai Tsing,"Block 2, Mount Haven",12/05/2022,
Kwai Tsing,"Block 10, Greenfield Garden",12/05/2022,
Kwai Tsing,"Shing On House, Kwai Shing East Estate",12/05/2022,
Kwai Tsing,"Block 9, Kwai Shing West Estate",12/05/2022,
Kwai Tsing,"Kwai Shun House, Kwai Fong Estate",12/05/2022,
Kwai Tsing,"On Yeung House, Cheung On Estate",12/05/2022,
Kwai Tsing,"Wah Cheung House, Ching Wah Court",12/05/2022,
Kwai Tsing,"Yee Yip House, Tsing Yi Estate",12/05/2022,
Kwun Tong,The Spectacle,12/05/2022,
Kwun Tong,"King Tai House, On Tai Estate",12/05/2022,
Kwun Tong,"Yuk Mei House, Yau Mei Court",12/05/2022,
Kwun Tong,"Sheung Yat House, Upper Ngau Tau Kok Estate",12/05/2022,
Kwun Tong,"Sau Wong House, Sau Mau Ping South Estate",12/05/2022,
Kwun Tong,"Lam Tai House, Lam Tin Estate",12/05/2022,
Kwun Tong,"Yin Chee Lau, Kwun Tong Garden Estate",12/05/2022,
Kwun Tong,"Lee Yat House, Shun Lee Estate",12/05/2022,
Kwun Tong,"Ko Lun House, Ko Cheung Court",12/05/2022,
North,"Block M, La Regent Park",12/05/2022,
Sai Kung,"Tak Chi House, Hau Tak Estate",12/05/2022,
Sai Kung,"Po Chung House, Po Ming Court",12/05/2022,
Sai Kung,"Tower 8, Bauhinia Garden",12/05/2022,
Sai Kung,"Sheung Shun House, Sheung Tak Estate",12/05/2022,
Sai Kung,"Tower 3B, Wings at Sea, Lohas Park",12/05/2022,
Sai Kung,Mount Verdant,12/05/2022,
Sai Kung,"Nga Lam House, Tsui Lam Estate",12/05/2022,
Sai Kung,"Tsui Ming House, Chung Ming Court",12/05/2022,
Sai Kung,"Block A, Ko Fu Building",12/05/2022,
Sham Shui Po,"Un Yat House, Un Chau Estate",12/05/2022,
Sham Shui Po,"Nam Wai House, Nam Shan Estate",12/05/2022,
Sham Shui Po,"Man Tai House, Tai Hang Sai Estate",12/05/2022,
Sham Shui Po,Chew Onn Building,12/05/2022,
Sham Shui Po,"Chung Hou House, Lei Cheng Uk Estate",12/05/2022,
Sham Shui Po,"Hoi Fai House, Hoi Lai Estate",12/05/2022,
Sham Shui Po,"Mei Foo Sun Chuen Stage 3, 72-74 Broadway",12/05/2022,
Sham Shui Po,"Mei Foo Sun Chuen Stage 8, 104 Broadway",12/05/2022,
Sham Shui Po,"Phase 2, Student Residence of City University of Hong Kong",12/05/2022,
Sham Shui Po,"Lai Mei House, Lai Kok Estate",12/05/2022,
Sha Tin,"Ming Yiu Lau, Jat Min Chuen",12/05/2022,
Sha Tin,"Yu Lai House, Yu Chui Court",12/05/2022,
Sha Tin,"Block H, Sunshine City",12/05/2022,
Sha Tin,"Yan Hei House, Yan On Estate",12/05/2022,
Sha Tin,"Block 15, City One Shatin",12/05/2022,
Sha Tin,"Block 19, City One Shatin",12/05/2022,
Sha Tin,"Block 39, City One Shatin",12/05/2022,
Sha Tin,"Mei Lai House, Mei Tin Estate",12/05/2022,
Sha Tin,"Lung Yan House, Kam Lung Court",12/05/2022,
Sha Tin,"Sheung Sam House, Lung Hang Estate",12/05/2022,
Sha Tin,"Block 2, Carado Garden",12/05/2022,
Sha Tin,"Chung Tak House, Chung On Estate",12/05/2022,
Southern,"Tin Fai House, Yue Fai Court",12/05/2022,
Tai Po,Ka King Lane,12/05/2022,
Tai Po,TWGHs Wu York Yu Care and Attention Home,12/05/2022,
Tai Po,Ying Pun Ha,12/05/2022,
Tai Po,The Wonderland,12/05/2022,
Tai Po,House of Deerhill Bay,12/05/2022,
Tsuen Wan,"Block 2, Lei Muk Shue Estate",12/05/2022,
Tsuen Wan,13 Lei Shu Road,12/05/2022,
Tsuen Wan,Sham Tseng San Tsuen,12/05/2022,
Tsuen Wan,"Shek Lan House, Shek Wai Kok Estate",12/05/2022,
Tsuen Wan,"Tower 8, Bellagio",12/05/2022,
Tsuen Wan,Kam Fung Court,12/05/2022,
Tuen Mun,"Fai Lun House, Siu Lun Court",12/05/2022,
Tuen Mun,"Oi Shun House, Yau Oi Estate",12/05/2022,
Tuen Mun,"Block 2, Phase 2, Tai Hing Gardens",12/05/2022,
Tuen Mun,"King Fu House, Shan King Estate",12/05/2022,
Tuen Mun,"Block 2, Hong Lai Garden",12/05/2022,
Tuen Mun,"Yue Sang House, Kin Sang Estate",12/05/2022,
Tuen Mun,"San Pui House, San Wai Court",12/05/2022,
Tuen Mun,"Block 7, Sun Tuen Mun Centre",12/05/2022,
Tuen Mun,"Block A, Greenland Garden",12/05/2022,
Tuen Mun,"Tower 4, Hong Kong Gold Coast",12/05/2022,
Wan Chai,Yau Kwong Building,12/05/2022,
Wan Chai,Chantilly,12/05/2022,
Wan Chai,Bo Ming Court,12/05/2022,
Wan Chai,Unique Tower,12/05/2022,
Wan Chai,"Tower 1, Hoover Towers",12/05/2022,
Wong Tai Sin,"Oi Yue House, Tsz Oi Court",12/05/2022,
Wong Tai Sin,"Ching On House, Tsz Ching Estate",12/05/2022,
Wong Tai Sin,"Wing Yuen House, Chuk Yuen South Estate",12/05/2022,
Wong Tai Sin,"Block 4, Tsui Chuk Garden",12/05/2022,
Wong Tai Sin,"Suet Fung House, Fung Tak Estate",12/05/2022,
Yau Tsim Mong,"Tower 5, Harbour Green",12/05/2022,
Yau Tsim Mong,Ka Fung Mansion,12/05/2022,
Yau Tsim Mong,Top Jade Mansion,12/05/2022,
Yau Tsim Mong,133 Fa Yuen Street,12/05/2022,
Yau Tsim Mong,The Platinum,12/05/2022,
Yuen Long,Kat Hing Wai,12/05/2022,
Yuen Long,Tai Tong Mansion,12/05/2022,
Yuen Long,"Chung Toi House, Tin Chung Court",12/05/2022,
Yuen Long,Tin Lai Court,12/05/2022,
Yuen Long,"Kam Ping House, Long Ping Estate",12/05/2022,
Yuen Long,"Kang Ping House, Long Ping Estate",12/05/2022,
Yuen Long,Chuk San Tsuen,12/05/2022,
Yuen Long,"Block 8, Sereno Verde",12/05/2022,
Yuen Long,Kam Tin Shing Mun San Tsuen,12/05/2022,
Central & Western,"Block 1, Yuk Ming Towers",13/05/2022,
Central & Western,Fook Sing Court,13/05/2022,
Central & Western,Fairmont Gardens,13/05/2022,
Central & Western,Luen Wah Mansion,13/05/2022,
Central & Western,Hollywood Terrace,13/05/2022,
Central & Western,"Block C, Y Y Mansions",13/05/2022,
Eastern,Fort Mansion,13/05/2022,
Eastern,"Block 10, Fullview Garden",13/05/2022,
Eastern,"Tower 3, Pacific Palisades",13/05/2022,
Eastern,"Tsui Pui House, Shan Tsui Court",13/05/2022,
Eastern,"Block B, Mount Parker Lodge",13/05/2022,
Eastern,"Block 12, Heng Fa Chuen",13/05/2022,
Eastern,Chu Kee Building,13/05/2022,
Islands,"Tower 16, Crystal Cove, Caribbean Coast",13/05/2022,
Kowloon City,"On Tai Building, On Wo Yuen",13/05/2022,
Kowloon City,473 Reclamation Street,13/05/2022,
Kowloon City,Tong Lu Mansion,13/05/2022,
Kowloon City,"Lok Tak Lau, Lok Man Sun Chuen",13/05/2022,
Kowloon City,Twilight Court,13/05/2022,
Kowloon City,16 Lung To Street,13/05/2022,
Kwai Tsing,Tai Pak Tin Village,13/05/2022,
Kwai Tsing,"Fu Man House, Tai Wo Hau Estate",13/05/2022,
Kwai Tsing,"Fu Yin House, Tai Wo Hau Estate",13/05/2022,
Kwai Tsing,"Tower 2, The Grand Marine",13/05/2022,
Kwai Tsing,"Tower 6, Tierra Verde",13/05/2022,
Kwai Tsing,"Shek On House, Shek Lei Estate",13/05/2022,
Kwai Tsing,"Block 6, Mayfair Gardens",13/05/2022,
Kwai Tsing,"Tsz Kwai House, Kwai Chung Estate",13/05/2022,
Kwai Tsing,"Hing Fuk House, Kwai Hing Estate",13/05/2022,
Kwai Tsing,"Kwai On House, Kwai Fong Estate",13/05/2022,
Kwai Tsing,"On Wu House, Cheung On Estate",13/05/2022,
Kwun Tong,"Tak King House, Tak Tin Estate",13/05/2022,
Kwun Tong,"Block P, Telford Gardens",13/05/2022,
Kwun Tong,"Wun Wah House, Lok Wah South Estate",13/05/2022,
Kwun Tong,"Tower 7, Yau Tong Centre",13/05/2022,
Kwun Tong,"Wing Tong House, Yau Tong Estate",13/05/2022,
Kwun Tong,"Wah Tong House, Yau Tong Estate",13/05/2022,
Kwun Tong,"Cheuk Lai House, Yau Lai Estate",13/05/2022,
Kwun Tong,"Kwai Wah House, Lower Ngau Tau Kok Estate",13/05/2022,
Kwun Tong,"Sau Yue House, Sau Mau Ping Estate",13/05/2022,
Kwun Tong,"Sau Yat House, Sau Mau Ping Estate",13/05/2022,
Kwun Tong,"Block 4, Shun Lee Disciplined Services Quarters",13/05/2022,
Kwun Tong,"Ko Yuen House, Ko Yee Estate",13/05/2022,
Kwun Tong,"Ko Hang House, Ko Cheung Court",13/05/2022,
North,"Tin Ming House, Tin Ping Estate",13/05/2022,
North,On Shing Court,13/05/2022,
North,"Block J, Fu Hei Garden",13/05/2022,
North,"Block 5, Regentville",13/05/2022,
North,"Choi Wu House, Choi Yuen Estate",13/05/2022,
North,"Yan Choi House, Yan Shing Court",13/05/2022,
North,"Block 8, Sha Tau Kok Chuen",13/05/2022,
North,"Block 3, Dawning Views",13/05/2022,
North,"Cheung King House, Cheung Wah Estate",13/05/2022,
North,"Block 8C, Good View New Village",13/05/2022,
North,"Block 5, Flora Plaza",13/05/2022,
Sai Kung,"Ming Wik House, Kin Ming Estate",13/05/2022,
Sai Kung,"Po Ning House, Po Lam Estate",13/05/2022,
Sai Kung,"Tower 1, Park Central",13/05/2022,
Sai Kung,"Kwong Ning House, Kwong Ming Court",13/05/2022,
Sai Kung,"Choi Yeung House, Choi Ming Court",13/05/2022,
Sai Kung,"Tower 1, Le Prestige, Lohas Park",13/05/2022,
Sai Kung,"Ming Kok House, Ming Tak Estate",13/05/2022,
Sai Kung,"Ming On House, Ying Ming Court",13/05/2022,
Sai Kung,"Tower 8, Alto Residences",13/05/2022,
Sham Shui Po,"Tower 3, Cullinan West",13/05/2022,
Sham Shui Po,"Hoi Shing House, Hoi Tat Estate",13/05/2022,
Sham Shui Po,"Kin Tin House, Pak Tin Estate",13/05/2022,
Sham Shui Po,"Mei Foo Sun Chuen Stage 3, 58 Broadway",13/05/2022,
Sham Shui Po,"Mei Foo Sun Chuen Stage 6, 40 Nassau Street",13/05/2022,
Sham Shui Po,"Azalea House, So Uk Estate",13/05/2022,
Sham Shui Po,124-126 Yee Kuk Street,13/05/2022,
Sha Tin,"Block B, Greenview Garden",13/05/2022,
Sha Tin,"Ming Chuen House, Shui Chuen O Estate",13/05/2022,
Sha Tin,"Mei Lok House, Mei Tin Estate",13/05/2022,
Sha Tin,"Tower 4, Vista Paradiso",13/05/2022,
Sha Tin,"Golden Coronet Court, Golden Lion Garden",13/05/2022,
Sha Tin,"Block 4, Jubilee Garden",13/05/2022,
Sha Tin,"Kam Ling House, Kam Fung Court",13/05/2022,
Sha Tin,"Tower 2, The Waterside",13/05/2022,
Sha Tin,"Block 5, Royal Ascot",13/05/2022,
Southern,"Tung Ping House, Lei Tung Estate",13/05/2022,
Southern,"Mei Wah Court, South Horizons",13/05/2022,
Southern,"Tin Chak House, Tin Wan Estate",13/05/2022,
Southern,"Pik Ngan House, Shek Pai Wan Estate",13/05/2022,
Southern,"Block 1, Grandview Garden",13/05/2022,
Southern,"Chi Tak House, Lung Tak Court",13/05/2022,
Tai Po,"Tai Yan House, Tai Yuen Estate",13/05/2022,
Tai Po,"Tower 9, The Regent",13/05/2022,
Tai Po,"Shin Lun House, Fu Shin Estate",13/05/2022,
Tai Po,"Block 3, The Paragon",13/05/2022,
Tai Po,"Block 3, Phase 2, Classical Gardens",13/05/2022,
Tai Po,"Block 3, Classical Gardens",13/05/2022,
Tai Po,Ting Kok,13/05/2022,
Tai Po,"Yat Yan House, Yat Nga Court",13/05/2022,
Tsuen Wan,Tai Yuen House,13/05/2022,
Tsuen Wan,"Block 6, The Cairnhill",13/05/2022,
Tsuen Wan,"Tower 5B, Ocean Supreme",13/05/2022,
Tsuen Wan,"Tower 5B, Ocean Supreme, Ocean Pride",13/05/2022,
Tsuen Wan,"Block C, Luk Yeung Sun Chuen",13/05/2022,
Tsuen Wan,"Block L, Luk Yeung Sun Chuen",13/05/2022,
Tsuen Wan,Lo Wai Village,13/05/2022,
Tsuen Wan,"Block 12, Tsuen King Garden",13/05/2022,
Tuen Mun,"Kin King House, Siu Shan Court",13/05/2022,
Tuen Mun,"Siu Fai House, Siu Hong Court",13/05/2022,
Tuen Mun,"Block 6, Chelsea Heights",13/05/2022,
Tuen Mun,"Oi Lim House, Yau Oi Estate",13/05/2022,
Tuen Mun,"Oi Tak House, Yau Oi Estate",13/05/2022,
Tuen Mun,COO Residence,13/05/2022,
Tuen Mun,"Sau Tai House, Fu Tai Estate",13/05/2022,
Tuen Mun,"Mei Tai House, Fu Tai Estate",13/05/2022,
Tuen Mun,"Yin Tai House, Fu Tai Estate",13/05/2022,
Tuen Mun,"Block 5, Tuen Mun Town Plaza",13/05/2022,
Tuen Mun,"Block 1, Hong Lai Garden",13/05/2022,
Tuen Mun,"Block 11, Yuet Wu Villa",13/05/2022,
Tuen Mun,"Block 13, Yuet Wu Villa",13/05/2022,
Tuen Mun,"Block 2, Tsui Ning Garden",13/05/2022,
Tuen Mun,"Block 5, Tsui Ning Garden",13/05/2022,
Tuen Mun,"Block 6, Tsui Ning Garden",13/05/2022,
Tuen Mun,"Block 13, Lung Mun Oasis",13/05/2022,
Wan Chai,Fontana Gardens,13/05/2022,
Wan Chai,Hung Fook Mansion,13/05/2022,
Wong Tai Sin,"Choi Yip House, Choi Fai Estate",13/05/2022,
Wong Tai Sin,"Hong Yun House, Tsz Hong Estate",13/05/2022,
Wong Tai Sin,King Tai Court,13/05/2022,
Wong Tai Sin,"Block 7, Rhythm Garden",13/05/2022,
Wong Tai Sin,Fung Chuen Court,13/05/2022,
Wong Tai Sin,"Lung Lok House, Lower Wong Tai Sin Estate",13/05/2022,
Yau Tsim Mong,"Tower 6, Harbour Green",13/05/2022,
Yau Tsim Mong,"Tower 6, The Hermitage",13/05/2022,
Yau Tsim Mong,"Tower 3, Central Park",13/05/2022,
Yau Tsim Mong,30 Lok Kwan Street,13/05/2022,
Yau Tsim Mong,Cheng Wah Mansion,13/05/2022,
Yau Tsim Mong,"Hoi wen house, Hoi Fu Court",13/05/2022,
Yau Tsim Mong,"Block 8, Metro Harbour View",13/05/2022,
Yau Tsim Mong,"Block A, Wylie Court",13/05/2022,
Yuen Long,"Shing Kan House, Tin Shing Court",13/05/2022,
Yuen Long,"Shing Yin House, Tin Shing Court",13/05/2022,
Yuen Long,"Shing Yi House, Tin Shing Court",13/05/2022,
Yuen Long,"Yiu Man House, Tin Yiu Estate",13/05/2022,
Yuen Long,"Wah Yat House, Tin Wah Estate",13/05/2022,
Yuen Long,"Yat To House, Tin Yat Estate",13/05/2022,
Yuen Long,"Chung Ki House, Tin Chung Court",13/05/2022,
Yuen Long,"Chung Pik House, Tin Chung Court",13/05/2022,
Yuen Long,"Tower 3, Uptown",13/05/2022,
Yuen Long,Ta Shek Wu Shek Tong,13/05/2022,
Yuen Long,San Wai Tsuen,13/05/2022,
Yuen Long,"Chu Ping House, Long Ping Estate",13/05/2022,
Yuen Long,Shui Tsiu San Tsuen,13/05/2022,
Yuen Long,Chau Tau Tsuen,13/05/2022,
Yuen Long,Leung Choy Building Phase 2,13/05/2022,
Yuen Long,Grantham,13/05/2022,
Central & Western,Kiu Fat Building,14/05/2022,
Central & Western,"Block B, Chong Yip Centre",14/05/2022,
Central & Western,"Block A, Phase 3, Kwan Yick Building",14/05/2022,
Central & Western,Mau Wah Mansion,14/05/2022,
Central & Western,Man Kwong Court,14/05/2022,
Central & Western,"Block 2, Centenary Mansion",14/05/2022,
Central & Western,"Block 1, Yue Sun Mansion",14/05/2022,
Central & Western,"Central Terrace, Sai Wan Estate",14/05/2022,
Central & Western,"North Terrace, Sai Wan Estate",14/05/2022,
Central & Western,"West Terrace, Sai Wan Estate",14/05/2022,
Eastern,Rialto Mansion,14/05/2022,
Eastern,"Sui Moon House, Siu Sai Wan Estate",14/05/2022,
Eastern,"Block 1, Kornhill Garden",14/05/2022,
Eastern,"Ngar Tsui House, Hiu Tsui Court",14/05/2022,
Eastern,"Block 40, Heng Fa Chuen",14/05/2022,
Eastern,"Chak Tsui House, Wan Tsui Estate",14/05/2022,
Islands,"Tung Po House, Fu Tung Estate",14/05/2022,
Islands,"Mun Wo House, Mun Tung Estate",14/05/2022,
Kowloon City,"Sik Man House, Ho Man Tin Estate",14/05/2022,
Kowloon City,"Tower 5, Sky Tower",14/05/2022,
Kowloon City,"Block 12, One Kai Tak",14/05/2022,
Kowloon City,"Block C, Grandview Garden",14/05/2022,
Kowloon City,"On Wo Building, On Wo Yuen",14/05/2022,
Kowloon City,Cheong Lok Mansion,14/05/2022,
Kowloon City,"Block 1, Willow Mansions, Whampoa Garden",14/05/2022,
Kowloon City,Lung Teck Mansion,14/05/2022,
Kwai Tsing,122 Wo Yi Hop Road,14/05/2022,
Kwai Tsing,"Fu On House, Tai Wo Hau Estate",14/05/2022,
Kwai Tsing,"Fu Tak House, Tai Wo Hau Estate",14/05/2022,
Kwai Tsing,"Tak Yam House, On Yam Estate",14/05/2022,
Kwai Tsing,"Tower 1, Horizon Place",14/05/2022,
Kwai Tsing,"Block 6, Villa Esplanada",14/05/2022,
Kwai Tsing,"Block B, Shui King Building",14/05/2022,
Kwai Tsing,"Tower 2, Tierra Verde",14/05/2022,
Kwai Tsing,"Shek Chun House, Shek Lei Estate",14/05/2022,
Kwai Tsing,"Tower 3, Greenview Villa",14/05/2022,
Kwai Tsing,"Yin Kwong House, Yin Lai Court",14/05/2022,
Kwai Tsing,"On Pak House, Cheung On Estate",14/05/2022,
Kwai Tsing,"Yin Fat House, Cheung Fat Estate",14/05/2022,
Kwai Tsing,"Block 6, Tsing Yi Garden",14/05/2022,
Kwun Tong,"Ping Chun House, Ping Tin Estate",14/05/2022,
Kwun Tong,"Shun Lai House, Yau Lai Estate",14/05/2022,
Kwun Tong,"Block P, Amoy Gardens",14/05/2022,
Kwun Tong,"Block 6, Richland Gardens",14/05/2022,
North,"Fuk On House, Ka Fuk Estate",14/05/2022,
North,"Fuk Lok House, Ka Fuk Estate",14/05/2022,
North,"Fuk Tai House, Ka Fuk Estate",14/05/2022,
North,"Tin Hee House, Tin Ping Estate",14/05/2022,
North,"Tin Cheung House, Tin Ping Estate",14/05/2022,
North,"Block 2, Metropolis Plaza",14/05/2022,
North,"Block 3, Wing Fok Centre",14/05/2022,
North,"Ching Ping House, Ching Ho Estate",14/05/2022,
North,"Ching Cheung House, Cheung Lung Wai Estate",14/05/2022,
Sai Kung,"Kwong Lung House, Kwong Ming Court",14/05/2022,
Sai Kung,"Tower 1, Fire Services Department Pak Shing Kok Married Quarters",14/05/2022,
Sai Kung,"Tower 8, Ocean Shores",14/05/2022,
Sai Kung,"Choi Lam House, Tsui Lam Estate",14/05/2022,
Sai Kung,"Sau Lam House, Tsui Lam Estate",14/05/2022,
Sham Shui Po,"Un Chi House, Un Chau Estate",14/05/2022,
Sham Shui Po,"Fu Sing House, Fu Cheong Estate",14/05/2022,
Sham Shui Po,"Po Fook House, Po Lai Court",14/05/2022,
Sham Shui Po,"Tower 2, Seaside Sonata",14/05/2022,
Sham Shui Po,Wing Shing Building,14/05/2022,
Sham Shui Po,"Ying Fai House, Hoi Ying Estate",14/05/2022,
Sham Shui Po,"Hoi Wah House, Hoi Tat Estate",14/05/2022,
Sham Shui Po,"Mei Foo Sun Chuen Stage 4, 69-71 Broadway",14/05/2022,
Sham Shui Po,"Mei Foo Sun Chuen Stage 7, 9-11 Mount Sterling Mall",14/05/2022,
Sham Shui Po,"Lai Tong House, Lai Tsui Court",14/05/2022,
Sha Tin,Sheung Keng Hau,14/05/2022,
Sha Tin,"Pok On House, Pok Hong Estate",14/05/2022,
Sha Tin,"Block 2, Chevalier Garden",14/05/2022,
Sha Tin,"Yu Moon House, Yu Chui Court",14/05/2022,
Sha Tin,"Wing Wai House, Sun Tin Wai Estate",14/05/2022,
Sha Tin,"Block 37, City One Shatin",14/05/2022,
Sha Tin,"Bean Goose House, Sha Kok Estate",14/05/2022,
Sha Tin,Wu Kai Sha Village,14/05/2022,
Sha Tin,"Shek Fai House, Chun Shek Estate",14/05/2022,
Sha Tin,"Fung Yat House, Sui Wo Court",14/05/2022,
Sha Tin,"Mei Fung House, Mei Lam Estate",14/05/2022,
Sha Tin,Chek Nai Ping Village,14/05/2022,
Sha Tin,"Golden Coronet Court, Phase 2, Golden Lion Garden",14/05/2022,
Southern,"Ka Chun House, Ka Lung Court",14/05/2022,
Southern,"Fenton Court, The Oasis, South Horizons",14/05/2022,
Southern,Carmel Hill,14/05/2022,
Tai Po,"Tai Lok House, Tai Yuen Estate",14/05/2022,
Tai Po,"Block H, Tai Po Garden",14/05/2022,
Tai Po,"Block A, Greenery Plaza",14/05/2022,
Tai Po,"Wan Lam House, Wan Tau Tong Estate",14/05/2022,
Tai Po,Kam Hing Lau,14/05/2022,
Tai Po,Chung Uk Tsuen,14/05/2022,
Tsuen Wan,"Tower 1, The Aurora",14/05/2022,
Tsuen Wan,Hoi Pa Village South Terrace,14/05/2022,
Tsuen Wan,Rhine Terrace,14/05/2022,
Tsuen Wan,"Block 30, Park Island",14/05/2022,
Tsuen Wan,"Tower 6, Bellagio",14/05/2022,
Tsuen Wan,"Tower 1, Ocean Pointe",14/05/2022,
Tsuen Wan,Greenview Court,14/05/2022,
Tsuen Wan,"Block 3, Greenview Court",14/05/2022,
Tsuen Wan,"Block E, Allway Gardens",14/05/2022,
Tsuen Wan,"Lok Shan House, Cheung Shan Estate",14/05/2022,
Tsuen Wan,"Block 10, Hong Kong Garden",14/05/2022,
Tsuen Wan,"Block 7, Phase 3, Belvedere Garden",14/05/2022,
Tuen Mun,"Oi Hei House, Yau Oi Estate",14/05/2022,
Tuen Mun,"Block 3, Phase 1, Tai Hing Gardens",14/05/2022,
Tuen Mun,"Block 7, Glorious Garden",14/05/2022,
Tuen Mun,"Kin Tai House, Fu Tai Estate",14/05/2022,
Tuen Mun,"King Lai House, Shan King Estate",14/05/2022,
Tuen Mun,"Tower 3, Aegean Coast",14/05/2022,
Tuen Mun,"Tower 2, Oceania Heights",14/05/2022,
Tuen Mun,"Leung Wah House, Leung King Estate",14/05/2022,
Tuen Mun,2Gether,14/05/2022,
Wan Chai,South View Building,14/05/2022,
Wan Chai,Brilliant Court,14/05/2022,
Wan Chai,"Tower 2, Starcrest",14/05/2022,
Wan Chai,Broadview Villa,14/05/2022,
Wan Chai,Grand Seaview Heights,14/05/2022,
Wong Tai Sin,"Tower 4, Grand View Garden",14/05/2022,
Wong Tai Sin,"Tan Fung House, Choi Hung Estate",14/05/2022,
Wong Tai Sin,"Chui King House, Choi Hung Estate",14/05/2022,
Wong Tai Sin,"Ching Tai House, Tsz Ching Estate",14/05/2022,
Wong Tai Sin,"Shing Tung House, Tung Tau Estate",14/05/2022,
Wong Tai Sin,"Wang Yip House, Wang Tau Hom Estate",14/05/2022,
Wong Tai Sin,"Lung Yat House, Lower Wong Tai Sin Estate",14/05/2022,
Yau Tsim Mong,"Tower 1, The Austin",14/05/2022,
Yau Tsim Mong,Wing Tak Mansion,14/05/2022,
Yau Tsim Mong,Ocean View Court,14/05/2022,
Yau Tsim Mong,Hankow Centre,14/05/2022,
Yau Tsim Mong,"Block 2, West Kowloon Disciplined Services Quarters",14/05/2022,
Yuen Long,"Block 2, Maywood Court, Kingswood Villas",14/05/2022,
Yuen Long,"Block 3, Lynwood Court, Kingswood Villas",14/05/2022,
Yuen Long,Shing Mun San Tsuen,14/05/2022,
Yuen Long,Tong Fong Tsuen,14/05/2022,
Yuen Long,"Shing Yu House, Tin Shing Court",14/05/2022,
Yuen Long,"Wah Choi House, Tin Wah Estate",14/05/2022,
Yuen Long,"Chung Chak House, Tin Chung Court",14/05/2022,
Yuen Long,"Block B, Manhattan Plaza",14/05/2022,
Yuen Long,"Ching Long House, Long Ching Estate",14/05/2022,
Yuen Long,Kiu Tau Wai,14/05/2022,
Yuen Long,Tin Liu Tsuen,14/05/2022,
Yuen Long,Shek Po Tsuen,14/05/2022,
Yuen Long,"Tower 4, Greenery Place",14/05/2022,
Yuen Long,Kwan Lok Sun Chuen,14/05/2022,
Central & Western,Sincere Western House,15/05/2022,
Central & Western,"Phase 1, Kwan Yick Building",15/05/2022,
Central & Western,60 Victoria Road,15/05/2022,
Central & Western,Kennedy Town Centre,15/05/2022,
Central & Western,Caineway Mansion,15/05/2022,
Central & Western,"Block B, 25 Park Road Government Quarters",15/05/2022,
Central & Western,"Block C, Rhine Court",15/05/2022,
Central & Western,"Tower 1, Island Crest",15/05/2022,
Central & Western,"Block B, Kwun Lung Lau",15/05/2022,
Central & Western,"Block F, Kwun Lung Lau",15/05/2022,
Central & Western,Kam Shing House,15/05/2022,
Eastern,"Yiu Tsui House, Kai Tsui Court",15/05/2022,
Eastern,"Block 8, Harmony Garden",15/05/2022,
Eastern,"Sui Lok House, Siu Sai Wan Estate",15/05/2022,
Eastern,"Sui Shing House, Siu Sai Wan Estate",15/05/2022,
Eastern,"Foon Yan House, Tung Yan Court",15/05/2022,
Eastern,"Man Hong House, Model Housing Estate",15/05/2022,
Eastern,"Block A, Winner Centre",15/05/2022,
Eastern,"Yiu Fook House, Yiu Tung Estate",15/05/2022,
Eastern,"Man Fu House, Hing Man Estate",15/05/2022,
Kowloon City,Po Fai Building,15/05/2022,
Kowloon City,Richland House,15/05/2022,
Kowloon City,"Block 4, Palm Mansions, Whampoa Garden",15/05/2022,
Kwai Tsing,"Block 1, Highland Park",15/05/2022,
Kwai Tsing,"Block 1, Serene Garden",15/05/2022,
Kwai Tsing,Chung Mei Lo Uk Village,15/05/2022,
Kwai Tsing,"Block 3, Villa Esplanada",15/05/2022,
Kwai Tsing,"Shek Yi House, Shek Lei Estate",15/05/2022,
Kwai Tsing,"Shek Wing House, Shek Lei Estate",15/05/2022,
Kwai Tsing,"Chi Shek House, Shek Yam Estate",15/05/2022,
Kwai Tsing,"Block 1, Hibiscus Park",15/05/2022,
Kwai Tsing,"Block 1, Kwai Tak Industrial Centre",15/05/2022,
Kwai Tsing,Kwai Fook Building,15/05/2022,
Kwai Tsing,Kam Foo Industrial Building,15/05/2022,
Kwai Tsing,"Hong Shun House, Cheung Hong Estate",15/05/2022,
Kwai Tsing,Ching Shing Court,15/05/2022,
Kwun Tong,"Kai Yue House, Kai Yip Estate",15/05/2022,
Kwun Tong,"Block F, Tak Bo Garden",15/05/2022,
Kwun Tong,"Tak Shan House, Tak Long Estate",15/05/2022,
Kwun Tong,"Ping Wah House, Lok Wah North Estate",15/05/2022,
Kwun Tong,"Chin Wah House, Lok Wah South Estate",15/05/2022,
Kwun Tong,"Shuk Mei House, Yau Mei Court",15/05/2022,
Kwun Tong,"Sau Sin House, Sau Mau Ping South Estate",15/05/2022,
Kwun Tong,"Sau Ho House, Sau Mau Ping South Estate",15/05/2022,
Kwun Tong,"Tsui Pak House, Tsui Ping North Estate",15/05/2022,
Kwun Tong,"Hon Chung House, Wan Hon Estate",15/05/2022,
Kwun Tong,"Lei Hing House, Lei Yue Mun Estate",15/05/2022,
Kwun Tong,"Block 21, Richland Gardens",15/05/2022,
North,"Choi Chu House, Choi Yuen Estate",15/05/2022,
North,"Choi Ying House, Choi Po Court",15/05/2022,
North,"Block 10, Cyber Domaine",15/05/2022,
North,"Yiu Ming House, Wah Ming Estate",15/05/2022,
North,"Chung Ming House, Wah Ming Estate",15/05/2022,
Sai Kung,House of Marina Cove,15/05/2022,
Sai Kung,"Block 1, The Pinnacle",15/05/2022,
Sai Kung,"Tower 6, Le Point",15/05/2022,
Sai Kung,"Block 5, On Ning Garden",15/05/2022,
Sai Kung,"Tower 12, Park Central",15/05/2022,
Sai Kung,"Tower 2, The Beaumount",15/05/2022,
Sai Kung,"Block 2, Hong Sing Gardens",15/05/2022,
Sai Kung,"Block 3, La Cite Noble",15/05/2022,
Sai Kung,"Tower 5, LP6, Lohas Park",15/05/2022,
Sai Kung,"Tower 3, Le Prestige, Lohas Park",15/05/2022,
Sai Kung,"King Tao House, King Lam Estate",15/05/2022,
Sai Kung,"King Yu House, King Lam Estate",15/05/2022,
Sai Kung,"Yan Lam House, Tsui Lam Estate",15/05/2022,
Sai Kung,"Pik Lam House, Tsui Lam Estate",15/05/2022,
Sai Kung,"Block 7, Verbena Heights",15/05/2022,
Sai Kung,Fullway Garden,15/05/2022,
Sham Shui Po,"Man On House, Tai Hang Sai Estate",15/05/2022,
Sham Shui Po,Sun Ming Court,15/05/2022,
Sham Shui Po,"Mei Foo Sun Chuen Stage 3, 52-54 Broadway",15/05/2022,
Sham Shui Po,Cheung Hing Court,15/05/2022,
Sham Shui Po,"Lai Yeung House, Lai Tsui Court",15/05/2022,
Sha Tin,"Block 7, Peak One",15/05/2022,
Sha Tin,"Fook Lam House, Kwong Lam Court",15/05/2022,
Sha Tin,"Tower 11, The Palazzo",15/05/2022,
Sha Tin,"Heng Hoi House, Heng On Estate",15/05/2022,
Sha Tin,"Shing Yan House, Yue Shing Court",15/05/2022,
Sha Tin,"Yu Fun House, Yu Chui Court",15/05/2022,
Sha Tin,"Yu Man House, Yu Chui Court",15/05/2022,
Sha Tin,"Yu Yin House, Yu Chui Court",15/05/2022,
Sha Tin,"Shing Wai House, Sun Tin Wai Estate",15/05/2022,
Sha Tin,Fo Tan Village,15/05/2022,
Sha Tin,"Tak Wo House, Wo Che Estate",15/05/2022,
Sha Tin,"Shun Wo House, Wo Che Estate",15/05/2022,
Sha Tin,"Mei Wai House, Mei Lam Estate",15/05/2022,
Sha Tin,"Wo Yue House, Fung Wo Estate",15/05/2022,
Sha Tin,"Block 15, Double Cove Summit",15/05/2022,
Sha Tin,"Tower 1, Marbella",15/05/2022,
Sha Tin,"Block 3, Grandeur Garden",15/05/2022,
Sha Tin,"Tower 8, Lake Silver",15/05/2022,
Sha Tin,Kam Fai Court,15/05/2022,
Sha Tin,"Kam Yee House, Kam Ying Court",15/05/2022,
Sha Tin,"Kam Yiu House, Kam Ying Court",15/05/2022,
Sha Tin,"Kam Leung House, Kam Ying Court",15/05/2022,
Southern,"Yuk Fai House, Yue Fai Court",15/05/2022,
Southern,"Wah King House, Wah Fu Estate",15/05/2022,
Southern,"Wah Lok House, Wah Fu Estate",15/05/2022,
Tai Po,"Tower 13, The Regent",15/05/2022,
Tai Po,"Block 1, Full Scene Garden",15/05/2022,
Tai Po,"Kwong Yee House, Kwong Fuk Estate",15/05/2022,
Tai Po,"Nga Kwan House, Ting Nga Court",15/05/2022,
Tai Po,Ying Pun Ha Tsuen,15/05/2022,
Tsuen Wan,"Chung Shue House, Lei Muk Shue Estate",15/05/2022,
Tsuen Wan,"Yeung Shue House, Lei Muk Shue Estate",15/05/2022,
Tsuen Wan,Lo Wai,15/05/2022,
Tsuen Wan,"Block R, Allway Gardens",15/05/2022,
Tsuen Wan,"Shenyang House, Tsuen Wan Centre",15/05/2022,
Tsuen Wan,Ma Wan Main Street Village,15/05/2022,
Tsuen Wan,"Block 2, Phase 2, Belvedere Garden",15/05/2022,
Tsuen Wan,"Block 7, Phase 2, Belvedere Garden",15/05/2022,
Tsuen Wan,"Block 2, Lido Garden",15/05/2022,
Tuen Mun,"Hing Tai House, Tai Hing Estate",15/05/2022,
Tuen Mun,"Block 3, Harvest Garden",15/05/2022,
Tuen Mun,"Block 5, Sun Tuen Mun Centre",15/05/2022,
Tuen Mun,"Block 1, Cedar, The Hillgrove",15/05/2022,
Tuen Mun,"Civic House, Affluence Garden",15/05/2022,
Tuen Mun,Kwong Shan Tsuen,15/05/2022,
Tuen Mun,"Block 1, Tsui Ning Garden",15/05/2022,
Tuen Mun,"Leung Yin House, Leung King Estate",15/05/2022,
Tuen Mun,"Tower 3, Miami Beach Towers",15/05/2022,
Wan Chai,"Tak Chuen Lau, Lai Tak Tsuen",15/05/2022,
Wan Chai,May Lam Mansion,15/05/2022,
Wan Chai,Hung Yip Building,15/05/2022,
Wong Tai Sin,"Kam Pik House, Choi Hung Estate",15/05/2022,
Wong Tai Sin,"Kam Wah House, Choi Hung Estate",15/05/2022,
Wong Tai Sin,"Fung Chak House, Choi Wan Estate",15/05/2022,
Wong Tai Sin,Pak Lok House,15/05/2022,
Wong Tai Sin,"Pak Yuen House, Chuk Yuen North Estate",15/05/2022,
Wong Tai Sin,"Block 2, Fung Shing Street Disciplined Services Quarters",15/05/2022,
Wong Tai Sin,"Lung Fung House, Lower Wong Tai Sin Estate",15/05/2022,
Yau Tsim Mong,The Camphora,15/05/2022,
Yau Tsim Mong,Sincere House,15/05/2022,
Yau Tsim Mong,"Hoi Ning House, Hoi Fu Court",15/05/2022,
Yau Tsim Mong,"Tower 5, The Waterfront",15/05/2022,
Yau Tsim Mong,25 Hak Po Street,15/05/2022,
Yuen Long,"Tower 2, La Grove",15/05/2022,
Yuen Long,Tong Tau Po Tsuen,15/05/2022,
Yuen Long,"Oi Chiu House, Tin Oi Court",15/05/2022,
Yuen Long,"Ching Hoi House, Tin Ching Estate",15/05/2022,
Yuen Long,"Shing Him House, Tin Shing Court",15/05/2022,
Yuen Long,"Yau Hong House, Tin Yau Court",15/05/2022,
Yuen Long,"Block A, Fu Loy Garden",15/05/2022,
Yuen Long,Yeung Uk Tsuen,15/05/2022,
Yuen Long,Wang Toi Shan Shan Tsuen,15/05/2022,
Yuen Long,Wang Chau Lam Uk Tsuen,15/05/2022,
Yuen Long,Wing Lung Wai,15/05/2022,
Yuen Long,"Hung Yat House, Hung Fuk Estate",15/05/2022,
Yuen Long,"Block S, Pattaya",15/05/2022,
Yuen Long,"Tower 7, The Parcville",15/05/2022,
Central & Western,Elite's Place,16/05/2022,
Central & Western,Viking Court,16/05/2022,
Central & Western,"Block 2, Cayman Rise",16/05/2022,
Central & Western,Wo Yick Mansion,16/05/2022,
Central & Western,"Block A, Hongway Garden",16/05/2022,
Central & Western,Tung Lee Mansion,16/05/2022,
Central & Western,Wing Fat House,16/05/2022,
Central & Western,"Tower 3, Harbour View Garden",16/05/2022,
Central & Western,Full Harvest Building,16/05/2022,
Central & Western,Chester Court,16/05/2022,
Central & Western,One Pacific Heights,16/05/2022,
Central & Western,"Block B, Rhine Court",16/05/2022,
Eastern,"Nan Shan Mansion, Taikoo Shing",16/05/2022,
Eastern,"Primrose Mansion, Taikoo Shing",16/05/2022,
Eastern,"Sui Keung House, Siu Sai Wan Estate",16/05/2022,
Eastern,"Block E, Kornhill",16/05/2022,
Eastern,"Tower 3, Greenwood Terrace",16/05/2022,
Eastern,Aldrich House,16/05/2022,
Eastern,Summer Court,16/05/2022,
Eastern,"Block 1, Hoi Kwong Court",16/05/2022,
Eastern,Riviera Mansion,16/05/2022,
Eastern,Bayview Park,16/05/2022,
Eastern,"Yiu Fu House, Yiu Tung Estate",16/05/2022,
Eastern,"Yiu Hing House, Yiu Tung Estate",16/05/2022,
Eastern,"Hing Hong House, Hing Tung Estate",16/05/2022,
Eastern,"Yu Hing House, Hing Wah Estate",16/05/2022,
Eastern,King's House,16/05/2022,
Eastern,"Tower 3, Island Resort",16/05/2022,
Islands,"Tower 9, Carmel Cove, Caribbean Coast",16/05/2022,
Islands,"Block 5, Tung Chung Crescent",16/05/2022,
Islands,Pui O Lo Wai Tsuen,16/05/2022,
Islands,"Ping Yat House, Yat Tung Estate",16/05/2022,
Islands,"Tak Yat House, Yat Tung Estate",16/05/2022,
Islands,"Sui Yat House, Yat Tung Estate",16/05/2022,
Islands,"Him Yat House, Yat Tung Estate",16/05/2022,
Islands,"Wing Hin House, Lung Hin Court",16/05/2022,
Kowloon City,"Block E, Chong Chien Court, Wyler Gardens",16/05/2022,
Kowloon City,The Vantage,16/05/2022,
Kowloon City,Ocean Mansion,16/05/2022,
Kowloon City,"Kai Wing Building, Whampoa Estate",16/05/2022,
Kwai Tsing,"Fu Yat House, Tai Wo Hau Estate",16/05/2022,
Kwai Tsing,"Ting Fung House, Ning Fung Court",16/05/2022,
Kwai Tsing,"Block 10, Villa Esplanada",16/05/2022,
Kwai Tsing,"Tower 7, Tierra Verde",16/05/2022,
Kwai Tsing,"Yam Hing House, Shek Yam East Estate",16/05/2022,
Kwai Tsing,"Block 7, Mayfair Gardens",16/05/2022,
Kwai Tsing,"Shing Lok House, Kwai Shing East Estate",16/05/2022,
Kwai Tsing,"Hing Yat House, Kwai Hing Estate",16/05/2022,
Kwai Tsing,"Hang Chi House, Cheung Hang Estate",16/05/2022,
Kwai Tsing,"On Ching House, Cheung On Estate",16/05/2022,
Kwai Tsing,"Hong Wing House, Cheung Hong Estate",16/05/2022,
Kwai Tsing,"Hong Tai House, Cheung Hong Estate",16/05/2022,
Kwai Tsing,"Hong Mei House, Cheung Hong Estate",16/05/2022,
Kwai Tsing,"Hong Kwai House, Cheung Hong Estate",16/05/2022,
Kwai Tsing,"Ching Mui House, Cheung Ching Estate",16/05/2022,
Kwai Tsing,"Ching Yeung House, Cheung Ching Estate",16/05/2022,
Kwai Tsing,"Tower 1, The Apex",16/05/2022,
Kwun Tong,Yen Fu Mansion,16/05/2022,
Kwun Tong,Wai King Building,16/05/2022,
Kwun Tong,Kwong Ming Building,16/05/2022,
Kwun Tong,"Him Tat House, On Tat Estate",16/05/2022,
Kwun Tong,"Ping Wong House, Ping Tin Estate",16/05/2022,
Kwun Tong,"Choi Yee House, Choi Tak Estate",16/05/2022,
Kwun Tong,"Choi Yin House, Choi Tak Estate",16/05/2022,
Kwun Tong,"Block E, Tak Bo Garden",16/05/2022,
Kwun Tong,"Tak Kei House, Tak Long Estate",16/05/2022,
Kwun Tong,"Hiu Fai House, Hiu Lai Court",16/05/2022,
Kwun Tong,"Sau Wah House, Sau Mau Ping Estate",16/05/2022,
Kwun Tong,"Block 7, Shun Lee Disciplined Services Quarters",16/05/2022,
Kwun Tong,"Tin Kam House, Shun Tin Estate",16/05/2022,
North,"Ka Yeung House, Ka Shing Court",16/05/2022,
North,"Ka Yiu House, Ka Shing Court",16/05/2022,
North,"Ping Chi House, Tai Ping Estate",16/05/2022,
North,"Yan King House, King Shing Court",16/05/2022,
North,"King Cheung House, Cheung Lung Wai Estate",16/05/2022,
North,Fanling Wai,16/05/2022,
North,"Block 3, Belair Monte",16/05/2022,
Sai Kung,"Block 1, Fu Ning Garden",16/05/2022,
Sai Kung,"Block 9, Beverly Garden",16/05/2022,
Sai Kung,"Tower 8, Park Central",16/05/2022,
Sai Kung,"Block 1, Phase 1, Metro City",16/05/2022,
Sai Kung,"King Chung House, King Lam Estate",16/05/2022,
Sai Kung,Yung Shue O,16/05/2022,
Sai Kung,"Tower 1, Ocean Shores",16/05/2022,
Sai Kung,"Tower 5, Residence Oasis",16/05/2022,
Sai Kung,"Tower 6, Metrotown",16/05/2022,
Sai Kung,"Chak Ming House, Yung Ming Court",16/05/2022,
Sham Shui Po,"Hoi Sha House, Hoi Lok Court",16/05/2022,
Sham Shui Po,"Chun Yin House, Hang Chun Court",16/05/2022,
Sham Shui Po,"Fook Yuet House, Fortune Estate",16/05/2022,
Sham Shui Po,"Shun Yee House, Lei Cheng Uk Estate",16/05/2022,
Sham Shui Po,"Hoi Wo House, Hoi Lai Estate",16/05/2022,
Sham Shui Po,"Mei Wui House, Shek Kip Mei Estate",16/05/2022,
Sham Shui Po,"Mei Foo Sun Chuen Stage 4, 71 Broadway",16/05/2022,
Sham Shui Po,"Mei Foo Sun Chuen Stage 7, 11 Mount Sterling Mall",16/05/2022,
Sham Shui Po,"Lai Fu House, Lai Kok Estate",16/05/2022,
Sha Tin,"Block C, Hilton Plaza",16/05/2022,
Sha Tin,"Shan Lam House, Hong Lam Court",16/05/2022,
Sha Tin,"Heng Sing House, Heng On Estate",16/05/2022,
Sha Tin,"Yu Kui House, Yu Chui Court",16/05/2022,
Sha Tin,"Yu Nang House, Yu Chui Court",16/05/2022,
Sha Tin,"Block L, Sunshine City",16/05/2022,
Sha Tin,"Shou Chuen House, Shui Chuen O Estate",16/05/2022,
Sha Tin,"Yuet Chuen House, Shui Chuen O Estate",16/05/2022,
Sha Tin,"Chuk Chuen House, Shui Chuen O Estate",16/05/2022,
Sha Tin,"Fai Shing House, May Shing Court",16/05/2022,
Sha Tin,"Archie Garden, Shatinpark",16/05/2022,
Sha Tin,"Block 7, Jubilee Garden",16/05/2022,
Sha Tin,"Kam Shing House, Kam Tai Court",16/05/2022,
Sha Tin,"Tower 2, Park Belvedere",16/05/2022,
Sha Tin,House in Sky One,16/05/2022,
Sha Tin,"Chung Chi House, Chung On Estate",16/05/2022,
Southern,"Wah Oi House, Wah Kwai Estate",16/05/2022,
Tai Po,Nam Wa Po,16/05/2022,
Tai Po,Manning Garden,16/05/2022,
Tai Po,Hang Ha Po,16/05/2022,
Tai Po,Tai Po Tau,16/05/2022,
Tai Po,"Heng Cheong House, Fu Heng Estate",16/05/2022,
Tai Po,"Yat Wo House, Po Nga Court",16/05/2022,
Tai Po,"Yee Leung House, Yee Nga Court",16/05/2022,
Tai Po,"Yee Shun House, Yee Nga Court",16/05/2022,
Tai Po,"Ming Hoi House, Ming Nga Court",16/05/2022,
Tai Po,Ting Kok Tsuen,16/05/2022,
Tai Po,Tai Hang Chung Sum Wai,16/05/2022,
Tai Po,"Wan Loi House, Wan Tau Tong Estate",16/05/2022,
Tsuen Wan,"Tower 3, The Aurora",16/05/2022,
Tsuen Wan,"Kin Shue House, Lei Muk Shue Estate",16/05/2022,
Tsuen Wan,"Toa Shue House, Lei Muk Shue Estate",16/05/2022,
Tsuen Wan,"Fung Shue House, Lei Muk Shue Estate",16/05/2022,
Tsuen Wan,"Lok Shue House, Lei Muk Shue Estate",16/05/2022,
Tsuen Wan,"Kwai Shue House, Lei Muk Shue Estate",16/05/2022,
Tsuen Wan,Wing Hing Industrial Building,16/05/2022,
Tsuen Wan,"Hoi Wan Mansion, Riviera Gardens",16/05/2022,
Tsuen Wan,"Wing Lung House, Fuk Loi Estate",16/05/2022,
Tsuen Wan,"Tower 2, Summit Terrace",16/05/2022,
Tsuen Wan,Fu Yung Building,16/05/2022,
Tsuen Wan,"Kwangchow House, Tsuen Wan Centre",16/05/2022,
Tuen Mun,House of The Carmel,16/05/2022,
Tuen Mun,"Lok Hei House, Siu Hei Court",16/05/2022,
Tuen Mun,"Block 9, Parkland Villas",16/05/2022,
Tuen Mun,"Block 5, Glorious Garden",16/05/2022,
Tuen Mun,"Hong Sang House, Kin Sang Estate",16/05/2022,
Tuen Mun,Hanison Garden,16/05/2022,
Tuen Mun,"Wu Yuet House, Wu King Estate",16/05/2022,
Tuen Mun,"Tin Tsui House, Tin King Estate",16/05/2022,
Tuen Mun,"Block 1, Verdant Villa",16/05/2022,
Wan Chai,"Block B, Tonnochy Towers",16/05/2022,
Wong Tai Sin,"Oi Yin House, Tsz Oi Court",16/05/2022,
Wong Tai Sin,"Lok Shing House, Tsz Lok Estate",16/05/2022,
Wong Tai Sin,"Hong Tung House, Tung Tau Estate",16/05/2022,
Wong Tai Sin,"Wang Tak House, Wang Tau Hom Estate",16/05/2022,
Wong Tai Sin,Silver Garden,16/05/2022,
Wong Tai Sin,"Fung Yan House, Fung Lai Court",16/05/2022,
Wong Tai Sin,"Chiu Sin House, Upper Wong Tai Sin Estate",16/05/2022,
Yau Tsim Mong,Kwong Fu Building,16/05/2022,
Yau Tsim Mong,613 Reclamation street,16/05/2022,
Yau Tsim Mong,"Tower 1, The Long Beach",16/05/2022,
Yau Tsim Mong,23 Hak Po Street,16/05/2022,
Yuen Long,"Block 10, Locwood Court, Kingswood Villas",16/05/2022,
Yuen Long,"Block 9, Locwood Court, Kingswood Villas",16/05/2022,
Yuen Long,"Heng Yan House, Tin Heng Estate",16/05/2022,
Yuen Long,"Heng Chui House, Tin Heng Estate",16/05/2022,
Yuen Long,"Yiu Tai House, Tin Yiu Estate",16/05/2022,
Yuen Long,"Tower 3, Vianni Cove",16/05/2022,
Yuen Long,"Tower 9, Phase 2, Central Park Towers",16/05/2022,
Yuen Long,Shui Tsiu Lo Wai,16/05/2022,
Yuen Long,"Hung Cheong House, Hung Fuk Estate",16/05/2022,
Yuen Long,"Block 7, The Parcville",16/05/2022,
Yuen Long,Tsing Lung Tsuen,16/05/2022,
